閰掑簵鍚嶇О,瀹炴椂浠锋牸,閰掑簵璇勫垎,璇勫垎鏁伴噺,閰掑簵绫诲瀷,閰掑簵鍦板尯,閰掑簵鏄熺骇,閰掑簵璁炬柦,瀹㈡埧鐗圭偣,閰掑簵椋庢牸
娓╁窞閾傚皵鏇奸厭搴?锟?24,5,822 鏉＄偣璇?閰掑簵,,5 鏄熺骇,鏃犵儫鎴裤€佸鎴裤€佹彁渚涘惛鐑熷銆佹荡琛ｃ€佺┖璋冦€佸姙鍏銆佸挅鍟℃満/鑼跺６銆佹荡缂?娣嬫荡銆佸厤璐瑰仠杞︺€佸厤璐归珮閫焀iFi銆佹湁鍋ヨ韩鎴跨殑鍋ヨ韩涓績銆佹父娉虫睜銆佸厤璐规棭椁愩€佺綉鐞冨満銆佸効绔ュ厤璐瑰叆浣忋€佸効绔ョ湅鎶ゆ湇鍔°€佸鎴挎暣鐞嗘湇鍔°€佸鎴挎湇鍔°€佷繚闄╃銆佸骇浣嶅尯銆佺數璇濄€佺摱瑁呮按銆佽糠浣犲惂銆佸啺绠便€佸厤璐规礂婕辩敤鍝併€佸惞椋庢満銆佸仠杞︺€佸厤璐逛笂缃戙€乄iFi銆佸叕鍏?WiFi銆佺綉缁溿€佹鎷裤€佺儹姘存荡缂搞€佸鍐呮吵姹犮€侀厭鍚?閰掑粖銆佸挅鍟″簵銆侀鍘呫€佹彁渚涙棭椁愩€佽嚜鍔╂棭椁愩€佸効绔ユ椿鍔?(閫傚悎鍎跨/瀹跺涵) 銆佹満鍦轰氦閫氥€佹苯杞﹀嚭绉熴€佹彁渚涗笂缃戞湇鍔＄殑鍟嗗姟涓績銆佷細璁鏂姐€佸浼氬巺銆佷細璁銆丼pa銆佹寜鎽┿€佹矙榫欍€佽鏉庡瘎瀛樸€佺ぜ瀹鹃儴銆佸姹囧厬鎹€佹棤鐑熼厭搴椼€?4 灏忔椂鍓嶅彴鏈嶅姟銆佸揩閫熷叆浣?閫€鎴裤€佸共娲椼€佹礂琛ｆ湇鍔°€佷腑鏂囥€佽嫳璇?鏃犵儫鎴裤€佸鎴裤€佹彁渚涘惛鐑熷銆佹荡琛ｃ€佺┖璋冦€佸姙鍏銆佸挅鍟℃満/鑼跺６銆佹荡缂?娣嬫荡銆佸鎴挎暣鐞嗘湇鍔°€佸鎴挎湇鍔°€佷繚闄╃銆佸骇浣嶅尯銆佺數璇濄€佺摱瑁呮按銆佽糠浣犲惂銆佸啺绠便€佸厤璐规礂婕辩敤鍝併€佸惞椋庢満,鍟嗗姟,,,
娓╁窞棣欐牸閲屾媺澶ч厭搴?锟?75,4.5,"1,113 鏉＄偣璇?,閰掑簵,娓╁窞浼氬睍涓績,5 鏄熺骇,鏃犵儫鎴裤€佸鎴裤€佹彁渚涘惛鐑熷銆佺┖璋冦€佸鎴挎湇鍔°€佽糠浣犲惂銆佸啺绠便€佸钩鏉跨數瑙嗐€佸厤璐瑰仠杞︺€佸厤璐归珮閫焀iFi銆佹湁鍋ヨ韩鎴跨殑鍋ヨ韩涓績銆佹父娉虫睜銆佸厤璐规棭椁愩€佸効绔ュ厤璐瑰叆浣忋€佸効绔ユ椿鍔?(閫傚悎鍎跨/瀹跺涵) 銆佹満鍦轰氦閫氥€佸仠杞︺€佸厤璐逛笂缃戙€乄iFi銆佸叕鍏?WiFi銆佺綉缁溿€佺儹姘存荡缂搞€佸鍐呮吵姹犮€佹亽娓╂吵姹犮€侀厭鍚?閰掑粖銆侀鍘呫€佹彁渚涙棭椁愩€佽嚜鍔╂棭椁愩€佹彁渚涗笂缃戞湇鍔＄殑鍟嗗姟涓績銆佷細璁鏂姐€佸浼氬巺銆佷細璁銆丼pa銆佺ぜ瀹鹃儴銆佸共娲椼€佹礂琛ｆ湇鍔?鏃犵儫鎴裤€佸鎴裤€佹彁渚涘惛鐑熷銆佺┖璋冦€佸鎴挎湇鍔°€佽糠浣犲惂銆佸啺绠便€佸钩鏉跨數瑙?鐜颁唬
娓╁窞鍠滄潵鐧婚厭搴?锟?98,4.5,440 鏉＄偣璇?閰掑簵,,5 鏄熺骇,鏃犵儫鎴裤€佸鎴裤€佹彁渚涘惛鐑熷銆佺┖璋冦€佸鎴挎湇鍔°€佽糠浣犲惂銆佸啺绠便€佸钩鏉跨數瑙嗐€佸厤璐瑰仠杞︺€佸厤璐归珮閫焀iFi銆佹湁鍋ヨ韩鎴跨殑鍋ヨ韩涓績銆佹父娉虫睜銆侀厭鍚?閰掑粖銆佹満鍦轰氦閫氥€佹彁渚涗笂缃戞湇鍔＄殑鍟嗗姟涓績銆佷細璁鏂姐€佺數鍔ㄦ苯杞﹀厖鐢电珯銆佸厤璐逛笂缃戙€乄iFi銆佸叕鍏?WiFi銆佷粯璐?WiFi銆佺綉缁溿€佺儹姘存荡缂搞€佸鍐呮吵姹犮€侀鍘呫€佹彁渚涙棭椁愩€佽嚜鍔╂棭椁愩€佸浼氬巺銆佷細璁銆丼pa銆佺ぜ瀹鹃儴銆佸共娲椼€佹礂琛ｆ湇鍔?鏃犵儫鎴裤€佸鎴裤€佹彁渚涘惛鐑熷銆佺┖璋冦€佸鎴挎湇鍔°€佽糠浣犲惂銆佸啺绠便€佸钩鏉跨數瑙?
娓╁窞鍗庝鲸楗簵,锟?18,4,308 鏉＄偣璇?閰掑簵,,5 鏄熺骇,鏃犵儫鎴裤€佸鎴裤€佸搴埧銆佺┖璋冦€佸鎴挎暣鐞嗘湇鍔°€佸鎴挎湇鍔°€佽糠浣犲惂銆佸钩鏉跨數瑙嗐€佸厤璐瑰仠杞︺€佸厤璐归珮閫焀iFi銆佹湁鍋ヨ韩鎴跨殑鍋ヨ韩涓績銆佹父娉虫睜銆佸厤璐规棭椁愩€佸崱鎷?OK銆佸効绔ユ椿鍔?(閫傚悎鍎跨/瀹跺涵) 銆佹苯杞﹀嚭绉熴€佸厤璐逛笂缃戙€乄iFi銆佺綉缁溿€佹鎷裤€佺儹姘存荡缂搞€佸澶栨吵姹犮€侀厭鍚?閰掑粖銆侀鍘呫€佽嚜鍔╂棭椁愩€佹彁渚涗笂缃戞湇鍔＄殑鍟嗗姟涓績銆佸浼氬巺銆佷細璁銆佷紶鐪?澶嶅嵃銆丼pa銆佽鏉庡瘎瀛樸€佺ぜ瀹鹃儴銆佹棤鐑熼厭搴椼€佸晢搴椼€?4 灏忔椂鍓嶅彴鏈嶅姟銆佸共娲椼€佹礂琛ｆ湇鍔°€佺啫琛ｆ湇鍔°€佷腑鏂囥€佽嫳璇?鏃犵儫鎴裤€佸鎴裤€佸搴埧銆佺┖璋冦€佸鎴挎暣鐞嗘湇鍔°€佸鎴挎湇鍔°€佽糠浣犲惂銆佸钩鏉跨數瑙?鍟嗗姟
鐜嬫湞澶ч厭搴?锟?93,4,311 鏉＄偣璇?閰掑簵,,4 鏄熺骇,鏃犵儫鎴裤€佸搴埧銆侀伄鍏夌獥甯樸€侀殧闊虫埧銆佺┖璋冦€佸姙鍏銆佸挅鍟℃満/鑼跺６銆佹荡缂?娣嬫荡銆佸厤璐瑰仠杞︺€佸厤璐归珮閫焀iFi銆佹鎷裤€佺儹姘存荡缂搞€侀厭鍚?閰掑粖銆佺綉鐞冨満銆佸搴?DJ銆佸効绔ユ椿鍔?(閫傚悎鍎跨/瀹跺涵) 銆佹荡琛ｃ€佸鎴挎湇鍔°€佷繚闄╃銆佺數璇濄€佺摱瑁呮按銆佸敜閱掓湇鍔?闂归挓銆佸皬鍘ㄦ埧銆佽糠浣犲惂銆佸厤璐规礂婕辩敤鍝併€佸惞椋庢満銆佸仠杞︺€佸厤璐逛笂缃戙€乄iFi銆佺綉缁溿€佸澶栨吵姹犮€佸挅鍟″簵銆侀鍘呫€佹苯杞﹀嚭绉熴€佷細璁銆佷紶鐪?澶嶅嵃銆佹寜鎽┿€佹矙榫欍€?4 灏忔椂瀹変繚鏈嶅姟銆佽鏉庡瘎瀛樸€佺ぜ瀹鹃儴銆佹姤绾搞€佹棤鐑熼厭搴椼€?4 灏忔椂鍓嶅彴鏈嶅姟銆佸共娲椼€佹礂琛ｆ湇鍔°€佺啫琛ｆ湇鍔°€佷腑鏂囥€佽嫳璇€佸痉璇?鏃犵儫鎴裤€佸搴埧銆侀伄鍏夌獥甯樸€侀殧闊虫埧銆佺┖璋冦€佸姙鍏銆佸挅鍟℃満/鑼跺６銆佹荡缂?娣嬫荡銆佹荡琛ｃ€佸鎴挎湇鍔°€佷繚闄╃銆佺數璇濄€佺摱瑁呮按銆佸敜閱掓湇鍔?闂归挓銆佸皬鍘ㄦ埧銆佽糠浣犲惂銆佸厤璐规礂婕辩敤鍝併€佸惞椋庢満,瀹跺涵銆佸晢鍔?
娓╁窞涓囧拰璞敓澶ч厭搴?锟?24,4,109 鏉＄偣璇?閰掑簵,,4 鏄熺骇,鏃犵儫鎴裤€佸鎴裤€佹彁渚涘惛鐑熷銆佺┖璋冦€佸鎴挎湇鍔°€佷繚闄╃銆佽糠浣犲惂銆佸啺绠便€佸厤璐瑰仠杞︺€佸厤璐归珮閫焀iFi銆佹湁鍋ヨ韩鎴跨殑鍋ヨ韩涓績銆佹父娉虫睜銆侀厭鍚?閰掑粖銆佺綉鐞冨満銆佹鐞冦€佹満鍦轰氦閫氥€佸厤璐逛笂缃戙€乄iFi銆佸叕鍏?WiFi銆佺綉缁溿€佹鎷裤€佸鍐呮吵姹犮€侀鍘呫€佹彁渚涙棭椁愩€佷箳涔撶悆銆佹帴閫佽溅杈?浜ら€氭湇鍔°€佹苯杞﹀嚭绉熴€佹彁渚涗笂缃戞湇鍔＄殑鍟嗗姟涓績銆佸浼氬巺銆佷細璁銆佷紶鐪?澶嶅嵃銆丼pa銆佹寜鎽┿€佹矙榫欍€佽鏉庡瘎瀛樸€佺ぜ瀹鹃儴銆佸姹囧厬鎹€佹姤绾搞€佹棤鐑熼厭搴椼€侀槼鍏夐湶鍙般€?4 灏忔椂鍓嶅彴鏈嶅姟銆佺浜哄叆浣?閫€鎴裤€佸共娲椼€佹礂琛ｆ湇鍔°€佺啫琛ｆ湇鍔°€佷腑鏂囥€佽嫳璇?鏃犵儫鎴裤€佸鎴裤€佹彁渚涘惛鐑熷銆佺┖璋冦€佸鎴挎湇鍔°€佷繚闄╃銆佽糠浣犲惂銆佸啺绠?鍟嗗姟
娓╁窞濞佹柉姹€閰掑簵,锟?","224""",4.5,31 鏉＄偣璇?閰掑簵,,3 鏄熺骇,鐑按娴寸几銆佸鍐呮吵姹犮€侀厭鍚?閰掑粖銆侀鍘呫€佸効绔ユ椿鍔?(閫傚悎鍎跨/瀹跺涵) 銆佹礂琛ｆ湇鍔?,
娓╁窞鍥介檯澶ч厭搴?锟?18,4,203 鏉＄偣璇?閰掑簵,,4 鏄熺骇,铚滄湀濂楁埧銆佹棤鐑熸埧銆佸鎴裤€佸搴埧銆侀殧闊虫埧銆佺┖璋冦€佸鎴挎暣鐞嗘湇鍔°€佸鎴挎湇鍔°€佸畨鍏ㄥ仠杞︺€佸厤璐归珮閫焀iFi銆佹湁鍋ヨ韩鎴跨殑鍋ヨ韩涓績銆佺儹姘存荡缂搞€佸厤璐规棭椁愩€佹鐞冦€佷箳涔撶悆銆佸効绔ユ椿鍔?(閫傚悎鍎跨/瀹跺涵) 銆佷繚闄╃銆乂IP 鎴胯鏂姐€佸厤璐逛笂缃戙€乄iFi銆佺綉缁溿€侀厭鍚?閰掑粖銆侀鍘呫€佸鎴垮唴鏃╅銆佹苯杞﹀嚭绉熴€佹彁渚涗笂缃戞湇鍔＄殑鍟嗗姟涓績銆佸浼氬巺銆佷細璁銆佷紶鐪?澶嶅嵃銆佽冻娴淬€佹矙榫欍€佽鏉庡瘎瀛樸€佺ぜ瀹鹃儴銆佸姹囧厬鎹€佹姤绾搞€佹棤鐑熼厭搴椼€佸晢搴椼€?4 灏忔椂鍓嶅彴鏈嶅姟銆佺浜哄叆浣?閫€鎴裤€佸共娲椼€佹礂琛ｆ湇鍔°€佺啫琛ｆ湇鍔°€佹摝闉嬨€佷腑鏂囥€佽嫳璇?铚滄湀濂楁埧銆佹棤鐑熸埧銆佸鎴裤€佸搴埧銆侀殧闊虫埧銆佺┖璋冦€佸鎴挎暣鐞嗘湇鍔°€佸鎴挎湇鍔°€佷繚闄╃銆乂IP 鎴胯鏂?鍟嗗姟,,,,
娓╁窞閿︽睙涔嬫槦鐏溅绔欏簵,锟?82,3.5,130 鏉＄偣璇?閰掑簵,,2 鏄熺骇,鏃犵儫鎴裤€佺┖璋冦€佸姙鍏銆佸骇浣嶅尯銆佺數璇濄€佸挅鍟℃満/鑼跺６銆佹荡缂?娣嬫荡銆佸厤璐规礂婕辩敤鍝併€佸厤璐瑰仠杞︺€佸厤璐归珮閫焀iFi銆侀鍘呫€佽鏉庡瘎瀛樸€佹棤鐑熼厭搴椼€?4 灏忔椂鍏ヤ綇銆?4 灏忔椂鍓嶅彴鏈嶅姟銆佸共娲椼€佺摱瑁呮按銆佸惞椋庢満銆佸厤璐逛笂缃戙€乄iFi銆佺綉缁溿€佸厤璐归€熸憾鍜栧暋銆佸厤璐硅尪楗€佷腑鏂囥€佽嫳璇?鏃犵儫鎴裤€佺┖璋冦€佸姙鍏銆佸骇浣嶅尯銆佺數璇濄€佸挅鍟℃満/鑼跺６銆佹荡缂?娣嬫荡銆佸厤璐规礂婕辩敤鍝併€佺摱瑁呮按銆佸惞椋庢満,鍟嗗姟,,
缁翠篃绾冲ぇ閰掑簵 楣垮煄璺?锟?01,4,81 鏉＄偣璇?閰掑簵,,4 鏄熺骇,濂楁埧銆佸鎴挎湇鍔°€佷繚闄╃銆佸仠杞︺€佸厤璐归珮閫焀iFi銆佹湁鍋ヨ韩鎴跨殑鍋ヨ韩涓績銆佹父娉虫睜銆佸厤璐规棭椁愩€佸効绔ョ湅鎶ゆ湇鍔°€佹満鍦轰氦閫氥€佽鏉庡瘎瀛樸€佸厤璐逛笂缃戙€乄iFi銆佺綉缁溿€佹鎷裤€侀厭鍚?閰掑粖銆侀鍘呫€佸姹囧厬鎹€侀棬绔ャ€?4 灏忔椂鍓嶅彴鏈嶅姟銆佹礂琛ｆ湇鍔?濂楁埧銆佸鎴挎湇鍔°€佷繚闄╃,,,,
缁村鍒╀簹澶ч厭搴?锟?25,4,80 鏉＄偣璇?閰掑簵,,4 鏄熺骇,鏃犵儫鎴裤€佸搴埧銆佺┖璋冦€佸鎴挎湇鍔°€佸厤璐瑰仠杞︺€佸厤璐归珮閫焀iFi銆佹湁鍋ヨ韩鎴跨殑鍋ヨ韩涓績銆佹父娉虫睜銆侀鍘呫€佹櫄闂村ū涔愩€佸効绔ユ椿鍔?(閫傚悎鍎跨/瀹跺涵) 銆佹満鍦轰氦閫氥€佸厤璐逛笂缃戙€乄iFi銆佺綉缁溿€佹彁渚涗笂缃戞湇鍔＄殑鍟嗗姟涓績銆佷細璁銆佽鏉庡瘎瀛樸€佸姹囧厬鎹€佹棤鐑熼厭搴椼€佸共娲椼€佹礂琛ｆ湇鍔°€佹摝闉?鏃犵儫鎴裤€佸搴埧銆佺┖璋冦€佸鎴挎湇鍔?,,,,
娓╁窞婊ㄦ捣澶ч厭搴?锟?28,4,60 鏉＄偣璇?閰掑簵,,5 鏄熺骇,鏃犵儫鎴裤€佸鎴裤€佸搴埧銆佺┖璋冦€佸鎴挎湇鍔°€佷繚闄╃銆佸皬鍘ㄦ埧銆佸厤璐瑰仠杞︺€佸厤璐归珮閫焀iFi銆佹湁鍋ヨ韩鎴跨殑鍋ヨ韩涓績銆佹父娉虫睜銆佸厤璐规棭椁愩€佸崱鎷?OK銆佸効绔ユ椿鍔?(閫傚悎鍎跨/瀹跺涵) 銆佹満鍦轰氦閫氥€佸厤璐逛笂缃戙€乄iFi銆佺綉缁溿€佹鎷裤€侀厭鍚?閰掑粖銆侀鍘呫€佹帴閫佽溅杈?浜ら€氭湇鍔°€佹彁渚涗笂缃戞湇鍔＄殑鍟嗗姟涓績銆佷細璁銆佷紶鐪?澶嶅嵃銆丼pa銆佽鏉庡瘎瀛樸€佹棤鐑熼厭搴椼€?4 灏忔椂鍓嶅彴鏈嶅姟銆佸共娲椼€佷腑鏂囥€佽嫳璇?鏃犵儫鎴裤€佸鎴裤€佸搴埧銆佺┖璋冦€佸鎴挎湇鍔°€佷繚闄╃銆佸皬鍘ㄦ埧,鍟嗗姟,,,
鐟舵邯鐜嬫湞澶ч厭搴?锟?12,4,40 鏉＄偣璇?閰掑簵,,4 鏄熺骇,,鏃犵儫鎴裤€佸搴埧銆佺┖璋冦€佸姙鍏銆佸鎴挎湇鍔°€佷繚闄╃銆佸挅鍟℃満/鑼跺６銆佹荡缂?娣嬫荡銆佺摱瑁呮按銆佸惞椋庢満,,,
娓╁窞浜戝ぉ妤肩背鍏板浗闄呭ぇ閰掑簵,锟?12,4,48 鏉＄偣璇?閰掑簵,,4 鏄熺骇,鏃犵儫鎴裤€佸鎴裤€佸搴埧銆佸鎴挎湇鍔°€佸厤璐归珮閫焀iFi銆佺儹姘存荡缂搞€佸厤璐规棭椁愩€佸効绔ユ椿鍔?(閫傚悎鍎跨/瀹跺涵) 銆佸厑璁告惡甯﹀疇鐗? 鍙甫鐙?瀹犵墿) 銆佹彁渚涗笂缃戞湇鍔＄殑鍟嗗姟涓績銆佷細璁銆佹棤鐑熼厭搴椼€佸厤璐逛笂缃戙€乄iFi銆佺綉缁溿€侀鍘呫€佸共娲?鏃犵儫鎴裤€佸鎴裤€佸搴埧銆佸鎴挎湇鍔?,,,
閫?閰掑簵娓╁窞鍏磋崳搴?锟?76,4,74 鏉＄偣璇?鐗硅壊浣忓,,2 鏄熺骇,鏃犵儫鎴裤€佸鎴挎湇鍔°€佺摱瑁呮按銆佸厤璐归珮閫焀iFi銆佸厤璐规棭椁愩€佹彁渚涗笂缃戞湇鍔＄殑鍟嗗姟涓績銆佷細璁銆佽鏉庡瘎瀛樸€佹棤鐑熼厭搴椼€?4 灏忔椂鍓嶅彴鏈嶅姟銆佸共娲椼€佸厤璐逛笂缃戙€乄iFi銆佺綉缁溿€侀鍘?鏃犵儫鎴裤€佸鎴挎湇鍔°€佺摱瑁呮按,,,,
闃垮妤煎害鍋囬厭搴?锟?07,4.5,13 鏉＄偣璇?閰掑簵,,,瀹㈡埧鏈嶅姟銆佸厤璐瑰仠杞︺€佸厤璐归珮閫焀iFi銆佹湁鍋ヨ韩鎴跨殑鍋ヨ韩涓績銆佹父娉虫睜銆侀厭鍚?閰掑粖銆佸効绔ユ椿鍔?(閫傚悎鍎跨/瀹跺涵) 銆佹満鍦轰氦閫氥€佹彁渚涗笂缃戞湇鍔＄殑鍟嗗姟涓績銆佸厤璐逛笂缃戙€乄iFi銆佺綉缁溿€侀鍘呫€丼pa銆佹礂琛ｆ湇鍔?瀹㈡埧鏈嶅姟,瀹跺涵,,,
鏂板崡浜氬ぇ閰掑簵,锟?74,4,48 鏉＄偣璇?閰掑簵,,3 鏄熺骇,鏃犵儫鎴裤€佸鎴裤€佸搴埧銆佺┖璋冦€佸姙鍏銆佸鎴挎暣鐞嗘湇鍔°€佸挅鍟℃満/鑼跺６銆佹荡缂?娣嬫荡銆佸鍐呭仠杞﹀満銆佸厤璐归珮閫焀iFi銆佹湁鍋ヨ韩鎴跨殑鍋ヨ韩涓績銆佸厤璐规棭椁愩€佹彁渚涗笂缃戞湇鍔＄殑鍟嗗姟涓績銆佸浼氬巺銆佹寜鎽┿€佽鏉庡瘎瀛樸€佸鎴挎湇鍔°€佷繚闄╃銆佺摱瑁呮按銆佸惞椋庢満銆佸畨鍏ㄥ仠杞︺€佸仠杞︺€佸厤璐逛笂缃戙€乄iFi銆佺綉缁溿€佹鎷裤€侀厭鍚?閰掑粖銆佸挅鍟″簵銆侀鍘呫€侀€傚悎瀛╁瓙鐨勮嚜鍔╅銆佷細璁銆佺ぜ瀹鹃儴銆佸姹囧厬鎹€佹棤鐑熼厭搴椼€?4 灏忔椂鍓嶅彴鏈嶅姟銆佸揩閫熷叆浣?閫€鎴裤€佸共娲椼€佹礂琛ｆ湇鍔°€佺啫琛ｆ湇鍔°€佹摝闉嬨€佷腑鏂囥€佽嫳璇?鏃犵儫鎴裤€佸鎴裤€佸搴埧銆佺┖璋冦€佸姙鍏銆佸鎴挎暣鐞嗘湇鍔°€佸挅鍟℃満/鑼跺６銆佹荡缂?娣嬫荡銆佸鎴挎湇鍔°€佷繚闄╃銆佺摱瑁呮按銆佸惞椋庢満,,,
鍥借锤澶ч厭搴?锟?05,3.5,42 鏉＄偣璇?閰掑簵,,4 鏄熺骇,鏃犵儫鎴裤€佸搴埧銆佺┖璋冦€佸姙鍏銆佸鎴挎暣鐞嗘湇鍔°€佸鎴挎湇鍔°€佸挅鍟℃満/鑼跺６銆佹荡缂?娣嬫荡銆侀檮杩戜粯璐圭浜哄仠杞﹀満銆佸厤璐归珮閫焀iFi銆佹湁鍋ヨ韩鎴跨殑鍋ヨ韩涓績銆侀鍘呫€佸崱鎷?OK銆佷箳涔撶悆銆佸効绔ユ椿鍔?(閫傚悎鍎跨/瀹跺涵) 銆佹帴閫佽溅杈?浜ら€氭湇鍔°€佷繚闄╃銆佽糠浣犲惂銆佸惞椋庢満銆佺綉缁溿€佹彁渚涗笂缃戞湇鍔＄殑鍟嗗姟涓績銆佷細璁銆佷紶鐪?澶嶅嵃銆佹寜鎽┿€佹矙榫欍€佽鏉庡瘎瀛樸€佺ぜ瀹鹃儴銆佸姹囧厬鎹€佺ぜ鍝佸簵銆佹姤绾搞€佹棤鐑熼厭搴椼€佸叡鐢ㄤ紤鎭/鐢佃鍖恒€?4 灏忔椂鍓嶅彴鏈嶅姟銆佸揩閫熷叆浣?閫€鎴裤€佸共娲椼€佹礂琛ｆ湇鍔°€佺啫琛ｆ湇鍔°€佹摝闉嬨€佷腑鏂囥€佽嫳璇?鏃犵儫鎴裤€佸搴埧銆佺┖璋冦€佸姙鍏銆佸鎴挎暣鐞嗘湇鍔°€佸鎴挎湇鍔°€佸挅鍟℃満/鑼跺６銆佹荡缂?娣嬫荡銆佷繚闄╃銆佽糠浣犲惂銆佸惞椋庢満,鍟嗗姟,,,
涓滅摨澶ч厭搴?锟?74,3.5,83 鏉＄偣璇?閰掑簵,,4 鏄熺骇,铚滄湀濂楁埧銆佹棤鐑熸埧銆佸搴埧銆侀殧闊虫埧銆佺┖璋冦€佸姙鍏銆佸挅鍟℃満/鑼跺６銆佹丁娴佹荡缂搞€侀厭搴楀唴浠樿垂鍏叡鍋滆溅鍦恒€佺儹姘存荡缂搞€佸鎴垮唴鏃╅銆佹満鍦轰氦閫氥€佹彁渚涗笂缃戞湇鍔＄殑鍟嗗姟涓績銆佷細璁銆佽鏉庡瘎瀛樸€佺ぜ瀹鹃儴銆佹荡琛ｃ€佷繚闄╃銆佺數璇濄€佽。鏋躲€佺啫鏂椼€佸敜閱掓湇鍔?闂归挓銆佸啺绠便€佹荡缂?娣嬫荡銆佸厤璐规礂婕辩敤鍝併€佸惞椋庢満銆佸鍐呭仠杞﹀満銆佸畨鍏ㄥ仠杞︺€佷紶鐪?澶嶅嵃銆佸姹囧厬鎹€佹姤绾搞€佹棤鐑熼厭搴椼€佸叡鐢ㄤ紤鎭/鐢佃鍖恒€佸晢搴椼€?4 灏忔椂鍓嶅彴鏈嶅姟銆佸揩閫熷叆浣?閫€鎴裤€佺浜哄叆浣?閫€鎴裤€佸共娲椼€佹礂琛ｆ湇鍔°€佺啫琛ｆ湇鍔°€佹摝闉嬨€佷腑鏂囥€佽嫳璇?铚滄湀濂楁埧銆佹棤鐑熸埧銆佸搴埧銆侀殧闊虫埧銆佺┖璋冦€佸姙鍏銆佸挅鍟℃満/鑼跺６銆佹丁娴佹荡缂搞€佹荡琛ｃ€佷繚闄╃銆佺數璇濄€佽。鏋躲€佺啫鏂椼€佸敜閱掓湇鍔?闂归挓銆佸啺绠便€佹荡缂?娣嬫荡銆佸厤璐规礂婕辩敤鍝併€佸惞椋庢満,,,,
绾㈠お闃冲棣?锟?94,3.5,54 鏉＄偣璇?閰掑簵,,3 鏄熺骇,閬厜绐楀笜銆侀殧闊虫埧銆佺┖璋冦€佸姙鍏銆佸鎴挎湇鍔°€佷繚闄╃銆佸啺绠便€佹荡缂?娣嬫荡銆佸仠杞︺€佺綉缁溿€侀鍘呫€佸搴?DJ銆佹彁渚涗笂缃戞湇鍔＄殑鍟嗗姟涓績銆佸晢搴椼€佹礂琛ｆ湇鍔°€佹荡琛ｃ€佸骇浣嶅尯銆佺數璇濄€佺啫鏂椼€佸敜閱掓湇鍔?闂归挓銆佸厤璐规礂婕辩敤鍝併€佸惞椋庢満銆佷腑鏂?閬厜绐楀笜銆侀殧闊虫埧銆佺┖璋冦€佸姙鍏銆佸鎴挎湇鍔°€佷繚闄╃銆佸啺绠便€佹荡缂?娣嬫荡銆佹荡琛ｃ€佸骇浣嶅尯銆佺數璇濄€佺啫鏂椼€佸敜閱掓湇鍔?闂归挓銆佸厤璐规礂婕辩敤鍝併€佸惞椋庢満,,,,
鏍兼灄璞嘲娓╁窞灏忓崡闂ㄥ揩鎹烽厭搴?锟?38,4,32 鏉＄偣璇?閰掑簵,,2 鏄熺骇,绌鸿皟銆佸姙鍏銆佷繚闄╃銆佸敜閱掓湇鍔?闂归挓銆佸挅鍟℃満/鑼跺６銆佹荡缂?娣嬫荡銆佸惞椋庢満銆侀厭搴楀唴浠樿垂鍏叡鍋滆溅鍦恒€佸厤璐归珮閫焀iFi銆侀鍘呫€佹彁渚涗笂缃戞湇鍔＄殑鍟嗗姟涓績銆佽鏉庡瘎瀛樸€佺ぜ瀹鹃儴銆?4 灏忔椂鍓嶅彴鏈嶅姟銆佹礂琛ｆ湇鍔°€佸仠杞︺€佸厤璐逛笂缃戙€乄iFi銆佺綉缁溿€佸晢搴椼€佷腑鏂?绌鸿皟銆佸姙鍏銆佷繚闄╃銆佸敜閱掓湇鍔?闂归挓銆佸挅鍟℃満/鑼跺６銆佹荡缂?娣嬫荡銆佸惞椋庢満,,,,
閲戦摱宀涘ぇ閰掑簵,锟?72,4,20 鏉＄偣璇?閰掑簵,,,铚滄湀濂楁埧銆佸鎴裤€佺┖璋冦€佷繚闄╃銆佸厤璐瑰仠杞︺€佸厤璐归珮閫焀iFi銆佸厤璐规棭椁愩€佹彁渚涗笂缃戞湇鍔＄殑鍟嗗姟涓績銆佷細璁鏂姐€佺ぜ瀹鹃儴銆佹姤绾搞€?4 灏忔椂鍓嶅彴鏈嶅姟銆佸厤璐逛笂缃戙€乄iFi銆佺綉缁溿€侀鍘呫€佸鎴垮唴鏃╅銆佸浼氬巺銆佷細璁銆佷紶鐪?澶嶅嵃銆佹棤鐑熼厭搴椼€佹礂琛ｆ湇鍔°€佽嚜鍔╂礂琛ｃ€佷腑鏂囥€佽嫳璇?铚滄湀濂楁埧銆佸鎴裤€佺┖璋冦€佷繚闄╃,,,
姘稿槈浜轰汉鍥介檯閰掑簵,锟?58,4,18 鏉＄偣璇?閰掑簵,,,,,,
鍏ㄥ娓╁窞鐏溅绔欓厭搴?锟?51,4,21 鏉＄偣璇?鐗硅壊浣忓,,,,,,,
娓╁窞閿︽睙涔嬫槦鍙屽笨瀹㈣繍涓績搴?锟?38,4,27 鏉＄偣璇?閰掑簵,,2 鏄熺骇,,绌鸿皟銆佸姙鍏銆佸鎴挎暣鐞嗘湇鍔°€佸鎴挎湇鍔°€佷繚闄╃銆佹荡缂?娣嬫荡,,,
娓╁窞鍚鹃枹閰掑簵,锟?99,3.5,29 鏉＄偣璇?閰掑簵,娓╁窞浼氬睍涓績,3 鏄熺骇,鏈夊仴韬埧鐨勫仴韬腑蹇冦€侀鍘呫€佹彁渚涗笂缃戞湇鍔＄殑鍟嗗姟涓績銆佷細璁銆佸共娲?,,,
娓╁窞閿愭€濈壒姹借溅杩為攣鏃呭簵瑗垮北搴?锟?48,3.5,22 鏉＄偣璇?閰掑簵,,,,,,,
娓╁窞澶ч厭搴?锟?83,3.5,42 鏉＄偣璇?閰掑簵,浜旈┈琛楀晢涓氬尯,,,,,,
鍗婂矝鐜煄鍟嗗姟閰掑簵,锟?13,4,17 鏉＄偣璇?閰掑簵,,2 鏄熺骇,閰掑惂/閰掑粖銆侀鍘呫€佸効绔ユ椿鍔?(閫傚悎鍎跨/瀹跺涵) 銆佹礂琛ｆ湇鍔?,,,
娓╁窞閿愭€濈壒姹借溅杩為攣鏃呭簵鏂板煄搴?锟?68,3.5,27 鏉＄偣璇?姹借溅鏃呴,,,,,,,
鐟炲叴路W閰掑簵,锟?39,3.5,33 鏉＄偣璇?閰掑簵,,3 鏄熺骇,鎻愪緵鍚哥儫瀹ゃ€佺┖璋冦€佸鎴挎湇鍔°€佽糠浣犲惂銆佸啺绠便€佺綉缁溿€侀厭鍚?閰掑粖銆佸効绔ョ湅鎶ゆ湇鍔°€佸効绔ユ椿鍔?(閫傚悎鍎跨/瀹跺涵) 銆佹彁渚涗笂缃戞湇鍔＄殑鍟嗗姟涓績銆佺ぜ瀹鹃儴銆佸共娲椼€佹礂琛ｆ湇鍔°€侀鍘?鎻愪緵鍚哥儫瀹ゃ€佺┖璋冦€佸鎴挎湇鍔°€佽糠浣犲惂銆佸啺绠?,,,
娓╁窞浜戝ぉ妤煎亣鏃ョ殗閮藉ぇ閰掑簵,锟?43,4.5,11 鏉＄偣璇?閰掑簵,榛勯緳鍟嗚锤鍩?4 鏄熺骇,鏃犵儫鎴裤€佸鎴裤€佸搴埧銆佺┖璋冦€佸鎴挎湇鍔°€佸厤璐瑰仠杞︺€佸厤璐归珮閫焀iFi銆佹湁鍋ヨ韩鎴跨殑鍋ヨ韩涓績銆佸厤璐规棭椁愩€佹彁渚涗笂缃戞湇鍔＄殑鍟嗗姟涓績銆佷細璁銆佽鏉庡瘎瀛樸€佸姹囧厬鎹€佸厤璐逛笂缃戙€乄iFi銆佺綉缁溿€侀鍘呫€佹棤鐑熼厭搴椼€佸共娲椼€佹礂琛ｆ湇鍔?鏃犵儫鎴裤€佸鎴裤€佸搴埧銆佺┖璋冦€佸鎴挎湇鍔?,,,,
娓╁窞鐟為兘鍟嗘梾閰掑簵绔欏墠搴?锟?29,4,17 鏉＄偣璇?閰掑簵,,,,,,,
浜戝ぉ妤兼案寮哄ぇ閰掑簵,锟?48,4,19 鏉＄偣璇?,,,绌鸿皟銆佸姙鍏銆佷繚闄╃銆佺摱瑁呮按銆佸挅鍟℃満/鑼跺６銆佽糠浣犲惂銆佹荡缂?娣嬫荡銆佸惞椋庢満銆佷唬瀹㈡硦杞︺€佸仠杞︺€佸挅鍟″簵銆佹満鍦轰氦閫氥€佷細璁銆佽鏉庡瘎瀛樸€佺ぜ瀹鹃儴銆佹棤鐑熼厭搴椼€佸啺绠便€佷腑鏂?绌鸿皟銆佸姙鍏銆佷繚闄╃銆佺摱瑁呮按銆佸挅鍟℃満/鑼跺６銆佽糠浣犲惂銆佹荡缂?娣嬫荡銆佸惞椋庢満銆佸啺绠?,,,
姘村績楗簵,锟?03,3.5,24 鏉＄偣璇?,,,,,,
娓╁窞閿愭€濈壒姹借溅杩為攣鏃呭簵闀胯繍搴?锟?68,3.5,24 鏉＄偣璇?姹借溅鏃呴,,,,,,,
閫?閰掑簵娓╁窞鏈涙睙璺簵,锟?38,4,16 鏉＄偣璇?姘戝鍜屾梾搴?,3 鏄熺骇,濂楁埧銆佺┖璋冦€佸姙鍏銆佸鎴挎湇鍔°€佸骇浣嶅尯銆佸挅鍟℃満/鑼跺６銆佽糠浣犲惂銆佹荡缂?娣嬫荡銆佸厤璐瑰仠杞︺€佸仠杞︺€佸厤璐归珮閫焀iFi銆佸厤璐逛笂缃戙€乄iFi銆佽鏉庡瘎瀛樸€佺ぜ瀹鹃儴銆佹礂琛ｆ湇鍔°€佺數璇濄€佸敜閱掓湇鍔?闂归挓銆佸厤璐规礂婕辩敤鍝併€佸惞椋庢満銆佺綉缁溿€佷腑鏂?濂楁埧銆佺┖璋冦€佸姙鍏銆佸鎴挎湇鍔°€佸骇浣嶅尯銆佸挅鍟℃満/鑼跺６銆佽糠浣犲惂銆佹荡缂?娣嬫荡銆佺數璇濄€佸敜閱掓湇鍔?闂归挓銆佸厤璐规礂婕辩敤鍝併€佸惞椋庢満,,,,
楣垮煄楗簵,锟?17,3.5,40 鏉＄偣璇?姹借溅鏃呴,,2 鏄熺骇,,绌鸿皟銆佸姙鍏銆佸鎴挎暣鐞嗘湇鍔°€佸鎴挎湇鍔°€佸骇浣嶅尯銆佸挅鍟℃満/鑼跺６銆佹荡缂?娣嬫荡銆佸惞椋庢満,,
澶╅兘澶ч厭搴?锟?12,3.5,17 鏉＄偣璇?,,3 鏄熺骇,瀹㈡埧鏈嶅姟銆佷繚闄╃銆佸仠杞︺€佸厤璐归珮閫焀iFi銆佹湁鍋ヨ韩鎴跨殑鍋ヨ韩涓績銆侀厭鍚?閰掑粖銆佸効绔ユ椿鍔?(閫傚悎鍎跨/瀹跺涵) 銆佹彁渚涗笂缃戞湇鍔＄殑鍟嗗姟涓績銆佷細璁銆佽鏉庡瘎瀛樸€佸厤璐逛笂缃戙€乄iFi銆佺綉缁溿€佹鎷裤€佸挅鍟″簵銆侀鍘呫€佺ぜ瀹鹃儴銆佸姹囧厬鎹€侀棬绔ャ€佹礂琛ｆ湇鍔?瀹㈡埧鏈嶅姟銆佷繚闄╃,,,,
娓╁窞鍏ㄥ閰掑簵鏈哄満澶ч亾搴?锟?78,5,2 鏉＄偣璇?鐗硅壊浣忓,,,,,,,
涓夋寮€鍏冨悕閮藉ぇ閰掑簵,锟?58,4.5,2 鏉＄偣璇?,,4 鏄熺骇,,,,
閫?閰掑簵娓╁窞灏嗗啗妗ュ簵,锟?51,5,3 鏉＄偣璇?姘戝鍜屾梾搴?,,,,,,
娓╁窞閿愭€濈壒姹借溅杩為攣鏃呭簵榛庢槑搴?锟?89,3.5,25 鏉＄偣璇?姹借溅鏃呴,,,,,,,
鐡槍楗簵,锟?06,3.5,13 鏉＄偣璇?,浜旈┈琛楀晢涓氬尯,3 鏄熺骇,閰掑惂/閰掑粖銆侀鍘?,,,
鍞箰鍒涙剰閰掑簵,锟?42,4.5,2 鏉＄偣璇?姘戝鍜屾梾搴?,,,,,,
娓╁窞鐟為兘鍟嗘梾閰掑簵榫欐矆搴?锟?88,4,6 鏉＄偣璇?姹借溅鏃呴,,,,,,,
闆北楗簵,锟?58,4,6 鏉＄偣璇?,,,,,,
娓╁窞99鏃呴杩為攣鐏溅绔欏簵,锟?09,4,8 鏉＄偣璇?姹借溅鏃呴,,,,,,
娓╁窞瀹滃繀鎬濋厭搴楁満鍦哄ぇ閬撳簵,锟?05,5,1 鏉＄偣璇?,,,,,,
灏氬搧灏婇偢閰掑簵,锟?10,4,5 鏉＄偣璇?,,3 鏄熺骇,,,,
鍔犲窞鍟嗗姟瀹鹃,锟?32,4,9 鏉＄偣璇?姹借溅鏃呴,,3 鏄熺骇,閬厜绐楀笜銆侀殧闊虫埧銆佺┖璋冦€佸姙鍏銆佸鎴挎湇鍔°€佷繚闄╃銆佸挅鍟℃満/鑼跺６銆佹荡缂?娣嬫荡銆佸仠杞︺€乄iFi銆侀厭鍚?閰掑粖銆佷細璁銆佹寜鎽┿€佽鏉庡瘎瀛樸€佹棤鐑熼厭搴椼€?4 灏忔椂鍓嶅彴鏈嶅姟銆佺數璇濄€佺摱瑁呮按銆佸敜閱掓湇鍔?闂归挓銆佽糠浣犲惂銆佸厤璐规礂婕辩敤鍝併€佸惞椋庢満銆佺綉缁溿€佸挅鍟″簵銆侀鍘呫€佸晢搴椼€侀棬绔ャ€佸揩閫熷叆浣?閫€鎴裤€佹礂琛ｆ湇鍔°€佷腑鏂囥€佽嫳璇?閬厜绐楀笜銆侀殧闊虫埧銆佺┖璋冦€佸姙鍏銆佸鎴挎湇鍔°€佷繚闄╃銆佸挅鍟℃満/鑼跺６銆佹荡缂?娣嬫荡銆佺數璇濄€佺摱瑁呮按銆佸敜閱掓湇鍔?闂归挓銆佽糠浣犲惂銆佸厤璐规礂婕辩敤鍝併€佸惞椋庢満,,,
娓╁窞鐟為兘鍟嗘梾閰掑簵濞佹柉椤垮簵,锟?28,4,19 鏉＄偣璇?,,,,,,
鑸鍥介檯澶ч厭搴?锟?38,5,1 鏉＄偣璇?,,,,,,,
娓╁窞鐟為兘鍟嗘梾閰掑簵椹瀺姹犺矾搴?锟?88,4,8 鏉＄偣璇?姹借溅鏃呴,,,,,,,
娓╁窞鏄撲桨杩為攣鏃呭簵涓滃崡鍓ч櫌搴?锟?9,4,6 鏉＄偣璇?姹借溅鏃呴,,,,,,,
绻佽瘹澶ч厭搴?锟?78,3.5,8 鏉＄偣璇?,,3 鏄熺骇,,瀹㈡埧鏈嶅姟,,,
娓╁窞鐟為兘鍟嗘梾閰掑簵涓滄柟搴?锟?78,3.5,10 鏉＄偣璇?姹借溅鏃呴,,,,,,,
瀹忚开娓╁窞澶ч厭瀹?锟?67,4,5 鏉＄偣璇?,浜旈┈琛楀晢涓氬尯,,,,,,
澶竴鍥介檯閰掑簵,锟?01,4,1 鏉＄偣璇?,,,,,,
鍏嬭幈鍢夊晢鍔″棣?锟?08,4.5,2 鏉＄偣璇?姹借溅鏃呴,,,,,,,
閲戠悆鍥借豹澶ч厭搴?锟?18,3.5,5 鏉＄偣璇?,浜旈┈琛楀晢涓氬尯,,绌鸿皟銆佸姙鍏銆佷繚闄╃銆佸挅鍟℃満/鑼跺６銆佽糠浣犲惂銆佹荡缂?娣嬫荡銆佸惞椋庢満銆佺綉缁溿€侀鍘呫€佸効绔ユ椿鍔?(閫傚悎鍎跨/瀹跺涵) ,绌鸿皟銆佸姙鍏銆佷繚闄╃銆佸挅鍟℃満/鑼跺６銆佽糠浣犲惂銆佹荡缂?娣嬫荡銆佸惞椋庢満,,,
鏂囨垚鍥介檯澶ч厭搴?锟?17,4,3 鏉＄偣璇?姹借溅鏃呴,,,,,,,
閲戦缚鍟嗗姟澶ч厭搴?锟?88,4.5,2 鏉＄偣璇?,,,,,,,
浼楄豹閰掑簵鏍兼灄璞嘲搴?锟?28,4,4 鏉＄偣璇?姹借溅鏃呴,,,,,,,
娓╁窞鏄撲桨杩為攣鏃呭簵浜烘皯璺簵,锟?38,5,1 鏉＄偣璇?姹借溅鏃呴,,,,,,
娓╁窞鐟為兘閰掑簵杩為攣(閲戝煄搴?,锟?59,3.5,14 鏉＄偣璇?,,,,,,
娓╁窞鏂颁竴澶╄繛閿侀厭搴楁柊鍗楃珯搴?锟?89,3.5,7 鏉＄偣璇?,,,,,,,
鏂伴暱瀹夊ぇ閰掑簵,锟?19,3.5,8 鏉＄偣璇?,娓╁窞浼氬睍涓績,,,,,
鎸畤瀹鹃,锟?78,3.5,5 鏉＄偣璇?,,,,,,
鍒╃帥鍟嗗姟瀹鹃,锟?68,4,1 鏉＄偣璇?姹借溅鏃呴,,,,,,
娓╁窞鏄撲桨杩為攣鏃呭簵椋為湠鍗楄矾搴?锟?30,3.5,4 鏉＄偣璇?姹借溅鏃呴,,,,,,,
閫?閰掑簵娓╁窞瀛﹂櫌涓滆矾搴?锟?78,4,1 鏉＄偣璇?姘戝鍜屾梾搴?,,,,,,,
姹囬噾鍟嗗姟瀹鹃,锟?18,3.5,4 鏉＄偣璇?姹借溅鏃呴,,,,,,
娓╁窞浜挎椇杩為攣瀹鹃瀵岃豹搴?锟?17,3.5,3 鏉＄偣璇?,,,,,,,
娓╁窞鐟為兘閰掑簵杩為攣姘镐腑搴?锟?58,5,1 鏉＄偣璇?姹借溅鏃呴,,,涓枃,绌鸿皟銆佸姙鍏銆佸鎴挎暣鐞嗘湇鍔°€佺數璇濄€佽糠浣犲惂銆佸钩鏉跨數瑙嗐€佹荡缂?娣嬫荡銆佸厤璐规礂婕辩敤鍝併€佽。鏋躲€佸敜閱掓湇鍔?闂归挓銆佸惞椋庢満,,,
甯曞叞缈＄繝澶ч厭搴?锟?77,4,2 鏉＄偣璇?,,,,,,,
娓╁窞绉戦€搁厭搴楄繛閿佸紑鍙戝尯搴?锟?18,4,1 鏉＄偣璇?姹借溅鏃呴,,,,,,,
涓囬敠鍚嶉偢閰掑簵,锟?65,4,2 鏉＄偣璇?,,,,,,
娓╁窞閿愭€濈壒姹借溅杩為攣鏃呴鐬挎邯搴?锟?49,4,1 鏉＄偣璇?姹借溅鏃呴,,,,,,,
娓╁窞鏄撲桨杩為攣鏃呭簵鏂版ˉ鍥介紟璺簵,锟?5,4,1 鏉＄偣璇?姹借溅鏃呴,,,,,,
閲戦箯瀹鹃,锟?19,3.5,3 鏉＄偣璇?,榛勯緳鍟嗚锤鍩?,鏃犵儫鎴裤€佸搴埧銆佸鎴挎湇鍔°€佷繚闄╃銆佸厤璐瑰仠杞︺€佸厤璐归珮閫焀iFi銆佹湁鍋ヨ韩鎴跨殑鍋ヨ韩涓績銆佹父娉虫睜銆佸挅鍟″簵銆佹彁渚涗笂缃戞湇鍔＄殑鍟嗗姟涓績銆佷細璁銆佽鏉庡瘎瀛樸€佸仠杞︺€佸厤璐逛笂缃戙€乄iFi銆佺綉缁溿€侀鍘呫€佸姹囧厬鎹€佹棤鐑熼厭搴椼€侀棬绔ャ€?4 灏忔椂鍓嶅彴鏈嶅姟銆佸共娲椼€佹礂琛ｆ湇鍔?鏃犵儫鎴裤€佸搴埧銆佸鎴挎湇鍔°€佷繚闄╃,,,,
鏂版境涔嬫灄瀹鹃,锟?8,4,1 鏉＄偣璇?姹借溅鏃呴,,,,,,
娓╁窞浼楄豹杩為攣涓介兘搴?锟?56,3.5,3 鏉＄偣璇?姹借溅鏃呴,,,,,,,
娓╁窞閲戝洯鍟嗗姟瀹鹃鍙屽笨搴?锟?58,4,1 鏉＄偣璇?姹借溅鏃呴,,,,,,,
閲戝洯鍟嗗姟瀹鹃,锟?88,4,2 鏉＄偣璇?,,,,,,
鍙屼箰鏃跺皻瀹鹃,锟?57,4,1 鏉＄偣璇?姹借溅鏃呴,,,,,,
鎸笢瀹鹃,锟?18,4,1 鏉＄偣璇?,,,,,,
绱綏鍏板棣?锟?38,4,1 鏉＄偣璇?,,,,,,,
鍢夋灄鍟嗗姟瀹鹃,锟?69,3,3 鏉＄偣璇?姹借溅鏃呴,,,,,,
鐧捐崳鍟嗗姟瀹鹃,锟?38,3,1 鏉＄偣璇?姹借溅鏃呴,,,,,,
娓╁窞姹夊涵鍙屽笨瀹㈣繍涓績搴?锟?75,3,1 鏉＄偣璇?鐗硅壊浣忓,,,,,,,
99杩為攣鏃呴(浜旈┈琛椾簩搴?,锟?09,3,2 鏉＄偣璇?姹借溅鏃呴,,,,,,
娓╁窞閿愭€濈壒姹借溅杩為攣閰掑簵娌欏煄搴?锟?9,3,1 鏉＄偣璇?姹借溅鏃呴,,,,,,,
閲戝簞楗簵,锟?38,3,5 鏉＄偣璇?,,,,,,
7澶╂俯宸炵伀杞︾珯鍗楀簵,锟?66,,,鐗硅壊浣忓,,2 鏄熺骇,,,
鏍兼灄鏂】鍟嗗姟瀹鹃,锟?08,3,1 鏉＄偣璇?,,,,,,
娓╁窞鑱氬晢闊充箰杩為攣閰掑簵姊х敯搴?锟?19,3,1 鏉＄偣璇?,,,,,,,
缁村皵鍑】瀹鹃,锟?71,3,1 鏉＄偣璇?,,,,,,
澶ч兘瀹鹃,锟?25,3,1 鏉＄偣璇?,,,,,,
閲戝疂鑾夊晢鍔″棣?锟?07,3,2 鏉＄偣璇?,,,,,,,
瀵屼附鍗庡棣?锟?49,2.5,3 鏉＄偣璇?,,,,,,,
娓╁窞鐟為兘鍟嗘梾閰掑簵榫熸箹搴?锟?00,3,7 鏉＄偣璇?,,3 鏄熺骇,,瀹㈡埧鏈嶅姟,,,
鏁欒偛瀹鹃,锟?50,2.5,2 鏉＄偣璇?,,,,,,
澶у畢闂ㄥ晢鍔￠厭搴?锟?46,2.5,2 鏉＄偣璇?,,,,,,,
闅嗚豹澶ч厭搴?锟?88,,,姘戝鍜屾梾搴?,,,,,,
娲炲ご澶ц嚜鐒跺啘搴?锟?60,1,1 鏉＄偣璇?姘戝鍜屾梾搴?,,,,,,,
寰″环澶ч厭搴?锟?25,1,1 鏉＄偣璇?,,,,,,,
鍢夊欢閰掑簵,锟?88,1,1 鏉＄偣璇?,,,,,,
娓╁窞鏄撲桨杩為攣鏃呭簵姹熸花搴?锟?7,,,,,,,,,
閲戣寕瀹鹃,锟?8,,,,,,,,
鐪熷ソ搴﹀亣閰掑簵,锟?84,,,,,,,,
娓╁窞绱㈢壒鏉ュ垱鎰忛厭搴楁柊鍩庝細灞曚腑蹇冨簵,锟?04,,,,,,,,
鎭嬪鍒涙剰閰掑簵,锟?88,,,,,,,,
绁洪懌瀹鹃 ,锟?88,,,,,,,,
娓╁害婧愰厭搴楋紙娓╁窞鍗楃珯搴楋級,锟?04,,,,,,,,
娓╁窞閿愭€濈壒杩為攣閰掑簵榫欐咕鏈哄満姘镐腑搴?锟?09,,,,,,,,,
娓╁窞鐟為兘鍟嗘梾閰掑簵鏂版ˉ搴?锟?87,,,,,,,,,
閲戞€″晢鍔″棣?锟?15,,,,,3 鏄熺骇,,,,
娓╁窞鑽ｆ嘲鍟嗗姟瀹鹃,锟?38,,,,,,,,
涓囩传绮惧搧閰掑簵,锟?98,,,,,,,,
閲戦缚鍥介檯澶ч厭搴?,锟?78,,,,,,,,
娓╁窞閿愭€濈壒姹借溅閰掑簵姘稿己澶ч亾搴?锟?38,,,,,,,,,
闆佽崱灞辩伒宄版皯瀹块厭搴?1鍙锋ゼ,锟?00,,,,,,,,
闆佽崱灞辨煆鎷夊浘绮惧搧閰掑簵,锟?80,,,,,,,,
鑰佺爜澶存皯瀹?锟?20,,,鍒,,,,,,
鐟炰匠瀹鹃,锟?29,,,,,,,,
闅嗘尟鍟嗗姟瀹鹃,锟?16,,,,,,,,
鑻忎紛澹椂灏氶厭搴?锟?39,,,,,,,,,
妫曟婀鹃厭搴?锟?19,,,,,,,,,
娓╂案鍟嗗棣?锟?93,,,,,,,,,
椹诲伐鍧婇厭搴?锟?61,,,,,,,,,
鏄庣彔涔嬫槦鍟嗗姟閰掑簵,锟?58,,,,,,,,
娆㈠皵鐧婚厭搴?锟?13,,,,,,,,,
娓╁窞鑽ｅ涵閰掑簵澧ㄦ睜搴?锟?69,,,,,,,,,
閫?閰掑簵娓╁窞澶у崡闂ㄥ簵,锟?98,,,,,,,,
娓╁窞澶у瀹滃繀鎬濋厭搴楀棣?锟?34,,,姘戝鍜屾梾搴?,,,,,,
娓╁窞鏄撲桨杩為攣鏃呭簵缁忔祹寮€鍙戝尯搴?锟?15,,,,,,,,,
闆佽崱灞遍唹浠欏北搴?锟?88,,,姘戝鍜屾梾搴?,,,,,,
娓╁窞99鏃呴鐏溅绔欎簩搴?锟?14,,,,,,,,,
闆佽崱灞遍槼鏄庡棣?锟?12,,,姘戝鍜屾梾搴?,,,,,,
鏂颁竴澶╅厭搴?锟?58,,,,,,,,,
姊﹀叕棣栧簻鍟嗗姟閰掑簵,锟?80,,,,,,,,
鎷夋柉绮惧搧閰掑簵,锟?85,,,,,,,,
鏍煎瓙閰掑簵,锟?48,,,,,,,,
鍗楀鍗拌薄涓婚閰掑簵,锟?58,,,,,,,,
鏂颁笘鐣岄厭搴?锟?98,,,,,3 鏄熺骇,,,,
鏂扮敾闈㈤灏氶厭搴?锟?00,,,,,,,,,
浜块兘澶ч厭搴?锟?88,,,,,,,,,
楹﹀痉濮嗛厭搴?锟?08,,,,,,,,,
钃濇腐娴锋磱涓婚閰掑簵,锟?39,,,,,,,,
鑼跺北楦跨ゥ瀹鹃,锟?58,,,,,,,,
闆佽崱灞辨柊闆佸棣?锟?68,,,,,,,,,
浜旂幆鍟嗗姟瀹鹃,锟?58,0,1 鏉＄偣璇?,,,,,,
娓╁窞閿愭€濈壒姹借溅杩為攣閰掑簵閮邯搴?锟?54,,,,,,,,,
娓╁窞椹诲伐鍧婂垱鎰忛厭搴楀崡濉榖鍖哄簵,锟?38,,,,,,,,
娴峰ぉ宸﹁垗姘戝,锟?98,,,姘戝鍜屾梾搴?,,,,,
鑽ｅ涵閰掑簵,锟?09,,,,,,,,
绻佹槍瀹鹃,锟?69,,,,,,,,
娓╁窞閿愭€濈壒姹借溅杩為攣閰掑簵鐗涘北鍖楄矾瀹㈣繍涓績搴?锟?08,,,,,,,,,
鐟炲涵蹇嵎閰掑簵,锟?8,,,,,,,,
鎮犱韩绮惧搧閰掑簵,锟?69,,,,,,,,
璞潵缂樺晢鍔″棣嗙櫧楣垮奖鍩庡簵,锟?08,,,,,,,,
鍗楅兘瀹鹃,锟?19,,,,,,,,
娓╁窞閫斿涓浗閰掑簵濞勬ˉ鐏溅鍗楃珯搴?锟?75,,,姘戝鍜屾梾搴?,,,,,,
The Origin Hotel (Wenzhou Longwan International Airport),锟?85,,,,,,,,
闆佽崱灞卞浗闄呴潚骞存梾鑸?锟?40,,,闈掑勾鏃呰垗,,,,,,
闆佹爾灞辫垗瀹㈡爤,锟?98,,,姘戝鍜屾梾搴?,,,,,
闆佽崱灞辩敾鐪夊北搴?锟?58,,,姘戝鍜屾梾搴?,,,,,,
鐧句箰鍟嗗姟瀹鹃,锟?55,,,,,,,,
涓囪崳杈惧晢鍔″棣?锟?28,,,,,,,,,
娓╁窞99鏃呴杩為攣鍙屽笨搴?锟?29,,,,,,,,,
瀵岄敠鍟嗗姟瀹鹃,锟?48,,,,,,,,
娓╁窞椹诲伐鍧婏紜鍒涙剰閰掑簵鍗楀搴?锟?08,,,,,,,,,
娓╁窞閫呮捣涓婚閰掑簵淇℃渤琛楀簵,锟?39,,,,,,,,
娓╁窞鑽ｅ涵閰掑簵閲戣壊骞村崕搴?锟?18,,,,,,,,,
娓╁窞灏忕背绮惧搧閰掑簵浜旈┈琛楀簵,锟?45,,,,,,,,
鏄熺▼閰掑簵(娓╁窞榫欐咕鏈哄満鎮︿韩鍋囨棩搴?,锟?95,,,,,,,,
姝︽眽99鏃呴杩為攣鐢熺墿鍩庡簵,锟?38,,,,,,,,
娓╁窞99鏃呴杩為攣鍗婅叞妗ュ簵,锟?0,,,,,,,,
娓╁窞浜挎椇杩為攣瀹鹃鏂板煄搴?锟?00,,,,,,,,,
涓€浣充汉鑹烘湳閰掑簵,锟?64,,,,,,,,
鍚堥『绮惧搧閰掑簵,锟?33,,,,,,,,
浜戝ぉ妤肩摨瓒婂ぇ閰掑簵,锟?67,,,,,,,,
浜ㄥ緱鎷夌簿鍝侀厭搴?锟?88,,,,,,,,,
娓╁窞濡傚涓北鍏洯搴?锟?56,,,,,,,,,
161娆у皻绮惧搧閰掑簵,锟?10,,,,,4 鏄熺骇,,,
娓╁窞閿愭€濈壒杩為攣閰掑簵鍙屽笨宸ヤ笟鍖哄簵,锟?03,,,,,,,,
鐨囬兘瀹鹃,锟?20,,,,,,,,
娓╁窞鐟為兘杩為攣閰掑簵鏂板煄搴?锟?78,,,,,,,,,
娓╁窞鏍煎叞娉拌繛閿侀厭搴楀痉鏀垮伐涓氬尯搴?锟?48,,,,,,,,,
娓╁窞娆ф嘲杩為攣閰掑簵绫充箰鏈哄満搴?锟?19,,,,,,,,,
缇庡厠澶ч厭搴?锟?23,,,,,,,,,
娓╁窞鐟為兘鍟嗘梾閰掑簵娓╁瘜搴?锟?68,,,,,,,,,
娓╁窞閿愭€濈壒杩為攣閰掑簵榛勯緳搴?锟?08,,,,,,,,,
娓╁窞閲戜附杩為攣閰掑簵婊ㄦ捣鍥尯搴?锟?09,,,,,,,,,
娓╁窞閲戜附杩為攣閰掑簵鍙屽笨搴?锟?19,,,姘戝鍜屾梾搴?,,,,,,
娓╁窞鐟為兘閰掑簵杩為攣鍙屽笨搴?锟?68,,,,,,,,,
娓╁窞閿愭€濈壒姹借溅杩為攣鏃呭簵榫欐咕娴峰煄搴?锟?58,,,,,,,,,
娓╁窞鑱氬晢闊充箰杩為攣閰掑簵姘镐腑搴?锟?29,,,,,,,,,
娓╁窞閲戜附杩為攣閰掑簵姘镐腑鏈哄満搴?锟?36,,,,,,,,,
娓╁窞閿愭€濈壒杩為攣閰掑簵瀛﹂櫌涓滆矾浼氬睍涓績搴?锟?23,,,,,,,,,
娓╁窞浼楄豹杩為攣閰掑簵姘村績搴?锟?89,,,,,,,,,
娓╁窞閿愭€濈壒杩為攣閰掑簵榛庢槑绔嬩氦妗ュ簵,锟?58,,,,,,,,
鎬¤幈閰掑簵娆ф床鍩庡簵,锟?95,,,鐗硅壊浣忓,,,,,
鐧惧悎鍟嗗姟杩為攣瀹鹃,锟?18,,,,,,,,
缁翠篃绾冲浗闄呴厭搴楋紙娓╁窞鏈哄満搴楋級,锟?92,,,,,,,,
娓╁窞鍏ㄥ涓婃睙璺厭搴?锟?03,,,鐗硅壊浣忓,,,,,,
浣忓姞閰掑簵娓╁窞榛勯緳搴峰煄搴?锟?14,,,,,,,,,
鑾嘲閰掑簵-娓╁窞娆ф床鍩庡簵,锟?70,,,姘戝鍜屾梾搴?,,,,,
娓╁窞鐟為兘閰掑簵杩為攣姊х敯搴?锟?65,,,,,,,,,
娓╁窞鐧界帀鍏颁簲椹閰掑簵,锟?84,,,姘戝鍜屾梾搴?,,,,,
姹熼兘鍟嗗姟瀹鹃,锟?38,,,,,,,,
闆佽崱灞卞眳,锟?20,,,,,,,,
宀╂捣灞卞眳,锟?10,,,,,,,,
娓╁窞鏄撲桨杩為攣鏃呭簵鐡捣锜犲嚖搴?锟?48,,,,,,,,,
娆х帥鍒涙剰涓婚瀹鹃,锟?28,,,,,,,,
鐟炴灚灞卞眳,锟?00,,,,,,,,
閫?閰掑簵娓╁窞姹ゅ妗ュ簵,锟?08,,,,,,,,
椤洪敠閫告煆閰掑簵,锟?64,,,,,,,,
鏈楄垗绮惧搧姹熸櫙瀹㈡爤,锟?27,,,姘戝鍜屾梾搴?,3 鏄熺骇,,,,
鏂版綐妗ュぇ閰掑簵,锟?60,,,,,,,,
鍗楅簜灏忔潹娓斿涔?锟?00,,,姘戝鍜屾梾搴?,,,,,,
娓╁窞鏄撲桨杩為攣鏃呭簵姹借溅鍗楃珯搴?锟?28,,,,,,,,,
娆т粫鑾遍厭搴?锟?68,,,,,,,,,
鑻嶅崡鎬¤幈閰掑簵榫欐腐澶ч亾搴?锟?69,,,鐗硅壊浣忓,,,,,,
鏄庣彔鍥涘閰掑簵,锟?78,,,姘戝鍜屾梾搴?,4 鏄熺骇,,,,
娓╁窞鏄撲桨閰掑簵鐗涘北鍖楄矾瀹㈣繍涓績搴?锟?8,,,,,,,,,
閫?閰掑簵娓╁窞锜犲嚖搴?锟?68,,,姘戝鍜屾梾搴?,3 鏄熺骇,,,,,
娓╁窞閿愭€濈壒鐏溅鍗楃珯浜屽簵,锟?06,,,,,,,,
娓╁窞鏄撲桨杩為攣鏃呭簵涓嬪悤娴﹀簵,锟?9,,,姘戝鍜屾梾搴?,,,,,
娓╁窞鏄撲桨杩為攣閰掑簵鏂颁竴鍖诲簵,锟?6,,,,,,,,
娓╁窞鏂颁竴澶╃簿鍝侀厭搴楅緳婀句竾杈惧簵,锟?79,,,,,,,,
楦胯揪妤煎棣?锟?24,,,,,,,,,
缈版灄閰掑簵,锟?75,,,,,,,,
娓╁窞姹夊涵榫欐咕姘稿己澶ч亾搴?锟?95,,,鐗硅壊浣忓,,,,,,
娓╁窞鍗庣編杈惧箍鍦洪厭搴?锟?94,,,,,,,,,
椹诲伐鍧婇厭搴?娓╁窞鏈涙睙搴?,锟?41,,,,,,,,
娓╁窞鍩庝腑鏄熷晢鍔″棣嗕腑瀛﹀簵,锟?38,,,,,,,,
娓╁窞閿︽睙涔嬫槦鍝佸皻楂橀搧鍗楃珯鏂版ˉ搴?锟?08,,,,,,,,,
鏅笢瀹鹃,锟?70,,,,,,,,
娓╁窞鎬濋搨閰掑簵鍚存ˉ璺簵,锟?88,,,,,,,,
浜胯豹鏃跺皻瀹鹃,锟?78,,,,,,,,
閭绘捣闃佸啘搴?锟?99,,,姘戝鍜屾梾搴?,,,,,,
浣板競鐗瑰晢鍔″棣?锟?28,,,,,,,,,
闆佽崱灞辨垜瀹跺棣?,锟?08,,,,,,,,
娓╁窞鐖卞鎬濆揩鎹烽厭搴椾竾杈惧箍鍦哄簵,锟?40,,,姘戝鍜屾梾搴?,,,,,
鐟炲ぉ绮惧搧閰掑簵,锟?32,,,,,,,,
鑼朵竴婧愰厭搴?锟?98,,,,,,,,,
娓╁窞鏅綏涓芥櫠涓婚閰掑簵鐏溅绔欏簵,锟?68,,,,,,,,
濂戒汉缂樺棣?锟?28,,,,,,,,,
璞嚡鍟嗗姟瀹鹃,锟?38,,,,,,,,
绻佹柊瀹鹃,锟?8,,,,,,,,
涓滄捣瀹鹃,锟?38,,,,,,,,
璇氭偊鍟嗗姟瀹鹃,锟?22,,,,,,,,
寰″涵绮惧搧閰掑簵,锟?95,,,,,,,,
娓╁窞澶у畢闂ㄥ晢鍔￠厭搴楁湜姹熻矾搴?锟?79,,,,,,,,,
娓╁窞璋锋媺鐟炴柉涓婚閰掑簵鍔ㄨ溅鍗楃珯搴?锟?35,,,,,,,,,
鎰忔澃路閲戞姒堥厭搴?,4.5,119 鏉＄偣璇?,,,鏃犵儫鎴裤€佸鎴裤€佹彁渚涘惛鐑熷銆侀殧闊虫埧銆佺┖璋冦€佸姙鍏銆佸挅鍟℃満/鑼跺６銆佹荡缂?娣嬫荡銆佸厤璐瑰仠杞︺€佸厤璐归珮閫焀iFi銆佹湁鍋ヨ韩鎴跨殑鍋ヨ韩涓績銆侀厭鍚?閰掑粖銆佹満鍦轰氦閫氥€佹彁渚涗笂缃戞湇鍔＄殑鍟嗗姟涓績銆佷細璁銆?4 灏忔椂瀹変繚鏈嶅姟銆佹荡琛ｃ€佸鎴挎暣鐞嗘湇鍔°€佸鎴挎湇鍔°€佷繚闄╃銆佹矙鍙戙€佺數璇濄€佺摱瑁呮按銆佽。鏋躲€佺啫鏂椼€佸敜閱掓湇鍔?闂归挓銆佽糠浣犲惂銆佸啺绠便€佸厤璐规礂婕辩敤鍝併€佸惞椋庢満銆佷唬瀹㈡硦杞︺€佸厤璐逛笂缃戙€乄iFi銆佸叕鍏?WiFi銆佺綉缁溿€侀鍘呫€佹彁渚涙棭椁愩€佽嚜鍔╂棭椁愩€佹苯杞﹀嚭绉熴€佸嚭绉熻溅鏈嶅姟銆佷紶鐪?澶嶅嵃銆佽鏉庡瘎瀛樸€佺ぜ瀹鹃儴銆佸姹囧厬鎹€佹姤绾搞€?4 灏忔椂鍓嶅彴鏈嶅姟銆佸揩閫熷叆浣?閫€鎴裤€佸共娲椼€佹礂琛ｆ湇鍔°€佺啫琛ｆ湇鍔°€佹摝闉嬨€佷腑鏂囥€佽嫳璇?鏃犵儫鎴裤€佸鎴裤€佹彁渚涘惛鐑熷銆侀殧闊虫埧銆佺┖璋冦€佸姙鍏銆佸挅鍟℃満/鑼跺６銆佹荡缂?娣嬫荡銆佹荡琛ｃ€佸鎴挎暣鐞嗘湇鍔°€佸鎴挎湇鍔°€佷繚闄╃銆佹矙鍙戙€佺數璇濄€佺摱瑁呮按銆佽。鏋躲€佺啫鏂椼€佸敜閱掓湇鍔?闂归挓銆佽糠浣犲惂銆佸啺绠便€佸厤璐规礂婕辩敤鍝併€佸惞椋庢満,鍟嗗姟,,,
娴锋偊鍚嶉偢绮惧搧閰掑簵,,4,55 鏉＄偣璇?,,,鏃犵儫鎴裤€佸搴埧銆佹荡琛ｃ€佺┖璋冦€佸姙鍏銆佸挅鍟℃満/鑼跺６銆佸钩鏉跨數瑙嗐€佹荡缂?娣嬫荡銆佸厤璐瑰仠杞︺€佸厤璐归珮閫焀iFi銆佹湁鍋ヨ韩鎴跨殑鍋ヨ韩涓績銆佺儹姘存荡缂搞€侀厭鍚?閰掑粖銆佸効绔ョ湅鎶ゆ湇鍔°€佹満鍦轰氦閫氥€佹彁渚涗笂缃戞湇鍔＄殑鍟嗗姟涓績銆佸鎴挎暣鐞嗘湇鍔°€佸鎴挎湇鍔°€佷繚闄╃銆佺摱瑁呮按銆佽糠浣犲惂銆佸惞椋庢満銆佷唬瀹㈡硦杞︺€佸仠杞︺€乄iFi銆佺綉缁溿€佸挅鍟″簵銆侀鍘呫€佹帴閫佽溅杈?浜ら€氭湇鍔°€佹苯杞﹀嚭绉熴€佷細璁銆佽鏉庡瘎瀛樸€佺ぜ瀹鹃儴銆佸姹囧厬鎹€佹棤鐑熼厭搴椼€?4 灏忔椂鍏ヤ綇銆?4 灏忔椂鍓嶅彴鏈嶅姟銆佸共娲椼€佹礂琛ｆ湇鍔°€佷腑鏂囥€佽嫳璇?鏃犵儫鎴裤€佸搴埧銆佹荡琛ｃ€佺┖璋冦€佸姙鍏銆佸挅鍟℃満/鑼跺６銆佸钩鏉跨數瑙嗐€佹荡缂?娣嬫荡銆佸鎴挎暣鐞嗘湇鍔°€佸鎴挎湇鍔°€佷繚闄╃銆佺摱瑁呮按銆佽糠浣犲惂銆佸惞椋庢満,,,
娓╁窞鍏ㄥ杞︾珯澶ч亾搴?,4,39 鏉＄偣璇?,,,,,,,
姹熷績娴锋櫙閰掑簵,,4,32 鏉＄偣璇?,,,鏃犵儫鎴裤€佸搴埧銆佸鎴挎湇鍔°€佽糠浣犲惂銆佺綉缁溿€佹湁鍋ヨ韩鎴跨殑鍋ヨ韩涓績銆佹父娉虫睜銆侀鍘呫€佹帴閫佽溅杈?浜ら€氭湇鍔°€佹彁渚涗笂缃戞湇鍔＄殑鍟嗗姟涓績銆佷細璁銆佹棤鐑熼厭搴椼€佸共娲椼€佹礂琛ｆ湇鍔?鏃犵儫鎴裤€佸搴埧銆佸鎴挎湇鍔°€佽糠浣犲惂,,,
娓╁窞姹夊涵榛庢槑瑗胯矾搴?,4,22 鏉＄偣璇?,,,濂楁埧銆佺┖璋冦€佸姙鍏銆佹彁渚涜繛閫氭埧銆佸鎴挎湇鍔°€佸挅鍟℃満/鑼跺６銆佸啺绠便€佹荡缂?娣嬫荡銆佸厤璐瑰仠杞︺€佸仠杞︺€佸厤璐归珮閫焀iFi銆佸厤璐逛笂缃戙€佸厤璐规棭椁愩€佽鏉庡瘎瀛樸€佹姤绾搞€?4 灏忔椂鍓嶅彴鏈嶅姟銆佺數璇濄€佺摱瑁呮按銆佸惞椋庢満銆乄iFi銆佺綉缁溿€佸挅鍟″簵銆佹棤鐑熼厭搴椼€佸晢搴椼€佷腑鏂囥€佽嫳璇?濂楁埧銆佺┖璋冦€佸姙鍏銆佹彁渚涜繛閫氭埧銆佸鎴挎湇鍔°€佸挅鍟℃満/鑼跺６銆佸啺绠便€佹荡缂?娣嬫荡銆佺數璇濄€佺摱瑁呮按銆佸惞椋庢満,,,,
楂樿仈鍩庡競澶ч厭搴?,4,32 鏉＄偣璇?,,,濂楁埧銆佸搴埧銆佹彁渚涘惛鐑熷銆佸鎴挎湇鍔°€佸厤璐归珮閫焀iFi銆佸厤璐逛笂缃戙€佸厤璐规棭椁愩€佹満鍦轰氦閫氥€佹彁渚涗笂缃戞湇鍔＄殑鍟嗗姟涓績銆丼pa銆佺ぜ瀹鹃儴銆佹礂琛ｆ湇鍔°€乄iFi銆佺綉缁溿€侀鍘?濂楁埧銆佸搴埧銆佹彁渚涘惛鐑熷銆佸鎴挎湇鍔?,,,,
娓╁窞99鏃呴杩為攣浜旈┈琛楀簵,,4,19 鏉＄偣璇?,,,,,,
鍑偊鐨囧澶ч厭搴?,4,17 鏉＄偣璇?,,,,,,,
娓╁窞99鏃呴杩為攣鏈涙睙璺簵,,4,16 鏉＄偣璇?,,,,,,
娓╁窞楗簵,,4,24 鏉＄偣璇?,,,瀹㈡埧鏈嶅姟銆侀鍘呫€佹彁渚涗笂缃戞湇鍔＄殑鍟嗗姟涓績,瀹㈡埧鏈嶅姟,,
鍗庡皵椤垮ぇ閰掑簵,,3.5,24 鏉＄偣璇?,,,,,,
椤虹敓涔嬫槦閰掑簵,,4,51 鏉＄偣璇?,,,,,,
姹囦赴鍟嗗姟瀹鹃,,3.5,31 鏉＄偣璇?,,,濂楁埧銆佸鎴挎湇鍔°€佸皬鍘ㄦ埧銆佸厤璐瑰仠杞︺€佸厤璐归珮閫焀iFi銆佸厤璐逛笂缃戙€乄iFi銆佺綉缁溿€佸厤璐规棭椁愩€侀鍘?濂楁埧銆佸鎴挎湇鍔°€佸皬鍘ㄦ埧,,,
娓╁窞鎬诲晢浼氬ぇ閰掑簵,,3.5,21 鏉＄偣璇?,,,瀹㈡埧鏈嶅姟銆佹鎷裤€佹櫄闂村ū涔愩€佹彁渚涗笂缃戞湇鍔＄殑鍟嗗姟涓績銆佷細璁銆佸湡鑰冲叾娴村銆佽鏉庡瘎瀛樸€佸姹囧厬鎹€佹礂琛ｆ湇鍔°€佹寜鎽?瀹㈡埧鏈嶅姟,,,
娓╁窞鎷夎姵鑸嶉厭搴楅緳婀惧簵,,4,9 鏉＄偣璇?,,,,,,
婊ㄦ睙鍋囨棩閰掑簵,,4,6 鏉＄偣璇?,,,,,,
娓╁窞閿愭€濈壒姹借溅杩為攣鏃呭簵鏉ㄥ簻灞卞簵,,3.5,16 鏉＄偣璇?,,,,,,
澶╃帠鐜嬪ぇ閰掑簵,,5,1 鏉＄偣璇?,,,,,,
娓╁窞鏄撲桨杩為攣鏃呭簵鏂板煄姹ゅ妗ュ簵,,4.5,4 鏉＄偣璇?,,,,,,
涓滈┛鍐涗緵閰掑簵,,4,6 鏉＄偣璇?,,,,,,
鍗婂矝鍟嗗姟瀹鹃,,3.5,14 鏉＄偣璇?,,,,,,
閲戞柉椤挎鎯呭棣?,4,5 鏉＄偣璇?,,,,,,,
闆佽崱灞辨湞闃冲北搴?,4,8 鏉＄偣璇?,,,,,,,
娴峰煄鍟嗗姟瀹鹃,,4,3 鏉＄偣璇?,,,,,,
鏅北瀹鹃,,4,4 鏉＄偣璇?,,,,,,
鎷夎彶搴﹀亣閰掑簵,,4,7 鏉＄偣璇?,,,,,,
閲戝鏉ュ棣?,5,1 鏉＄偣璇?,,,,,,,
娆ф床鍩庡ぇ閰掑簵,,3.5,6 鏉＄偣璇?,,,,,,
娓╁窞閿愭€濈壒姹借溅杩為攣鏃呭簵鍙屽笨搴?,5,2 鏉＄偣璇?,,,,,,,
閿﹂噷浜戣垗瀹㈡爤,,4,1 鏉＄偣璇?,,,鑻辫銆佹剰澶у埄璇?,,,
鍚涙灄澶ч厭搴?,4,4 鏉＄偣璇?,,,,,,,
闃冲厜鍋囨棩閰掑簵,,4,3 鏉＄偣璇?,,,,,,
鍗庡ぇ鍒╁棣?,4,2 鏉＄偣璇?,,,,,,,
蹇箍澶ч厭搴?,4.5,2 鏉＄偣璇?,,,,,,,
娓╁窞鐟為兘鍟嗘梾閰掑簵閲戞嘲搴?,4,5 鏉＄偣璇?,,,,,,,
瑗跨摨瀹鹃,,4.5,2 鏉＄偣璇?,,,,,,
娴锋浖宀涘晢鍔￠厭搴?,4,2 鏉＄偣璇?,,,,,,,
娆ц豹瀹鹃,,4,2 鏉＄偣璇?,,,,,,
涓滄柟澶忓▉澶烽厭搴?,4,2 鏉＄偣璇?,,,,,,,
涓滄柟缃楅┈鍋囨棩閰掑簵,,3.5,4 鏉＄偣璇?,,,,,,
娓╁窞鍩庡競涔嬫槦鍟嗗姟瀹鹃姘戣埅璺簵,,3.5,3 鏉＄偣璇?,,,,,,
鍦ｇ編閭稿亣鏃ラ厭搴?,4,2 鏉＄偣璇?,,,,,,,
骞抽槼绾㈤拱楗簵,,4,2 鏉＄偣璇?,,,,,,
鐡睙鍏瘬閰掑簵,,4,1 鏉＄偣璇?,,,,,,
鍗庝赴鍟嗗姟瀹鹃,,3.5,2 鏉＄偣璇?,,,,,,
娓╁窞鏂板共绾垮晢鍔″棣?,4,1 鏉＄偣璇?,,,,,,,
鏄熻景瀹鹃,,3.5,3 鏉＄偣璇?,,,,,,
鍗庡涔嬫梾鍟嗗姟瀹鹃,,3.5,2 鏉＄偣璇?,,,,,,
娓╁窞99鏃呴杩為攣姊х敯搴?,3.5,4 鏉＄偣璇?,,,,,,,
鏅煄鍟嗗姟瀹鹃,,4,1 鏉＄偣璇?,,,,,,
楦块『鍟嗗姟瀹鹃,,4,1 鏉＄偣璇?,,,,,,
閾舵渤鍟嗗姟閰掑簵,,4,1 鏉＄偣璇?,,,,,,
骞冲畨瀹鹃,,3.5,2 鏉＄偣璇?,,,,,,
鏈哄満瀹鹃,,3.5,2 鏉＄偣璇?,,,,,,
娴峰憳澶ч厭搴?,4,1 鏉＄偣璇?,,,,,,,
閲戝彾瀹鹃,,4,1 鏉＄偣璇?,,,,,,
瀹滈緳澶ч厭搴?,4,1 鏉＄偣璇?,,,,,,,
涓存捣瀹鹃,,4,1 鏉＄偣璇?,,,,,,
鏂规嘲瀹鹃,,4,1 鏉＄偣璇?,,,,,,
婀栨花楗簵,,3.5,3 鏉＄偣璇?,,,,,,
骞跨數澶у帵,,4,1 鏉＄偣璇?,,,,,,
绱㈣彶鐗逛箣瀹?,3,20 鏉＄偣璇?,,,,,,,
鍢変俊瀹鹃,,3,1 鏉＄偣璇?,,,,,,
鍒╂潵瀹鹃,,3,1 鏉＄偣璇?,,,,,,
閲戝北鏃呴,,3,1 鏉＄偣璇?,,,,,,
娓╁窞鐖卞鎬濆揩鎹烽厭搴楃伀杞﹀崡绔欏簵,,3,2 鏉＄偣璇?,,,,,,
缈＄繝鍟嗗姟瀹鹃,,3,1 鏉＄偣璇?,,,,,,
椋為緳鍟嗗姟瀹鹃,,3,1 鏉＄偣璇?,,,,,,
娓╁窞鐧惧悎鍟嗗姟瀹鹃鎱堟箹搴?,3,3 鏉＄偣璇?,,,,,,,
閲戞椇瑙掓捣娓ぇ閰掑簵,,2.5,7 鏉＄偣璇?,,,瀹㈡埧鏈嶅姟銆佸皬鍘ㄦ埧銆佽糠浣犲惂銆佺綉缁溿€佹湁鍋ヨ韩鎴跨殑鍋ヨ韩涓績銆侀鍘呫€佹彁渚涗笂缃戞湇鍔＄殑鍟嗗姟涓績銆佷細璁,瀹㈡埧鏈嶅姟銆佸皬鍘ㄦ埧銆佽糠浣犲惂,,
鏄熻秺鍟嗗姟瀹鹃,,2,2 鏉＄偣璇?,,,,,,
瀹跺洯瀹鹃,,3,4 鏉＄偣璇?,,,,,,
搴峰崕瀹鹃,,2,1 鏉＄偣璇?,,,,,,
娓╁窞閿愭€濈壒姹借溅閰掑簵鐬挎邯浜屽簵,,1,1 鏉＄偣璇?,,,,,,
鍜岀敯鍟嗗姟瀹鹃 ,,,,,,,,,
绱㈢壒鏉ユ枃鑹洪厭搴?娓╁窞鍗楃珯搴?,,,,,,,,,
娓╁窞鏂扮敾闈㈤灏氳繛閿侀厭搴椾汉姘戣矾搴?,,,,,,,,,
闆佽崱灞辩伒宄版皯瀹块厭搴?5鍙锋ゼ,,,,,,,,,
闆佽崱灞辩伒宄版皯瀹块厭搴?9鍙锋ゼ,,,,,,,,,
鏈濋槼鍟嗗姟浼氶,,,,,,,,,
蹇犺瘹澶ч厭搴?,,,,,,,,,
娓╁窞浼楄豹杩為攣閰掑簵瀵屼附鍗庡簵,,,,,,,,,
瑗块泚搴﹀亣鏉?,,,,,,,,,
鏄熼Θ娓咕閰掑簵,,,,,,,,,
娴锋偊瀹㈡爤,,,,,,,,,
涓介兘瀹鹃,,,,,,,,,
寮€鍏冨悕搴厭搴?,,,,,,,,,
鍙岄緳瀹鹃,,,,,,,,,
涓櫘闄€鍏泭鍗忎細瀹跺涵寮忓棣?,,,,,,,,,
娓╁窞绱㈢壒鏉ユ枃鑹洪厭搴楀ぇ瀛﹀煄搴?,,,,,,,,,
姘翠簯娑х伒鏄嗗埆澧?,,,,,,,,,
鍗庝鲸澶ч厭搴?,,,,,,,,,
鐏溅绔欏晢鍔″棣?,,0,1 鏉＄偣璇?,,,,,,
鍗楁柟瀹鹃,,,,,,,,,
娓╁窞鐖卞鎬濇柊妗ュ簵,,,,,,,,,
澶栨按鑹壓澧冮厭搴?,,,,,,,,,
闃冲厜閿﹁嫅 ,,,,,,,,,
娓╁窞鍏ㄥ娓╁窞澶ч亾閰掑簵,,,,,,,,,
鍚涘涵鍟嗗姟瀹鹃,,,,,,,,,
娓╁窞娉婂畞蹇冨发鏂囧垱閰掑簵,,,,,,,,,
娓╁窞涓滄柟澶忓▉澶峰晢鍔￠厭搴楅緳婀惧浗闄呮満鍦哄簵,,,,,,,,,
铏瑰叴鏃呴,,,,,,,,,
鍢夎繍鍥介檯澶ч厭搴?,,,,,,,,,
浜旈┈璞潵缂樺晢鍔″棣?,,,,,,,,,
娲炲ご鍗庨懌閰掑簵,,,,,,,,,
濂ヨ摑鍟嗗姟瀹鹃,,,,,,,,,
閲戦┈瀹鹃,,,,,,,,,
鍢夋瀹鹃,,,,,,,,,
鐩樹簯璋锋枃鍖栧垱鎰忔潙,,,,,,,,,
鏅笂鍏瘬,,,,,,,,,
涓憺澶ч厭搴?,,,,,,,,,
浼楄豹杩為攣閰掑簵娓╁窞涓芥櫙搴?,0,2 鏉＄偣璇?,,,,,,,
娓╁窞鏄撲桨杩為攣鏃呭簵姘镐腑鏂拌妗ュご搴?,,,,,,,,,
娓╁窞閿愭€濈壒姹借溅杩為攣閰掑簵鐏溅鍗楃珯搴?,,,,,,,,,
鑾辩壒鏃呴杩為攣,,,,,,,,,
閿︾繑鍟嗗姟瀹鹃,,,,,,,,,
娓╂椇鍟嗗姟瀹鹃,,,,,,,,,
娲炲ご婊ㄦ捣澧呭眳姘戝,,,,,,,,,
闃冲厜鍟嗗姟瀹鹃,,,,,,,,,
鐖卞鎬濇椂灏氶厭搴?,,,,,,,,,
鏂板嚡鎮﹀ぇ閰掑簵,,,,,,,,,
宸ㄨ豹鍟嗗姟瀹鹃,,,,,,,,,
闆佽崱灞辩嚂璇椂鍏夎叮宸㈡皯瀹?,,,,,,,,,
娓╁窞99鏃呴杩為攣榛勯緳搴峰洯搴?,,,,,,,,,
娓╁窞鏈哄満瀹鹃,,,,,,,,,
鏋楀瀹跺涵瀹㈡爤,,,,,,,,,
娓╁窞鏄撲桨杩為攣鏃呭簵鐏溅绔欓奔槌炴祪搴?,,,,,,,,,
宀╂捣灏忕瓚姘戝,,,,,,,,,
娓╁窞绌烘腐涓囪豹閰掑簵,,,,,,,,,
鍙屼箰鏃跺皻瀹鹃,,,,姹借溅鏃呴,,,,,
鐧介箍褰卞煄瀹鹃,,,,,,,,,
鎹岄浂杩蜂綘鏃呭簵,,,,,,,,,
鑽ｅ痉鍚涜豹瀹鹃,,,,,,,,,
鐡捣瀹跺涵瀹㈡爤,,,,,,,,,
寮€蹇冩笖瀹朵箰,,,,,,,,,
鏈濋槼妤兼梾棣?,,,,,,,,,
鍏ㄥ閰掑簵(娓╁窞涓囪揪搴?,,,,,,,,,
娓╁窞涓囩鐧荤簿鍝侀厭搴?,,,,,,,,,
閲戦殕瀹鹃,,,,,,,,,
閲戝窞鍟嗗姟瀹鹃,,,,,,,,,
娓╁窞绌烘腐涓囪豹閰掑簵,,,,,,,,,
鍏ㄥ閰掑簵(娓╁窞鍗楃珯搴?,,,,,,,,,
娴锋爾澹瑰彿,,,,,,,,,
灏嗗啗澶ч厭搴?,,,,,,,,,
涓囪瀺鍟嗗姟澶ч厭搴?,4,90 鏉＄偣璇?,,,绌鸿皟銆佸姙鍏銆佸鎴挎湇鍔°€佷繚闄╃銆佸挅鍟℃満/鑼跺６銆佸啺绠便€佹荡缂?娣嬫荡銆佸厤璐规礂婕辩敤鍝併€佸仠杞︺€佸厤璐归珮閫焀iFi銆佹湁鍋ヨ韩鎴跨殑鍋ヨ韩涓績銆佹父娉虫睜銆侀厭鍚?閰掑粖銆佷箳涔撶悆銆佸効绔ユ椿鍔?(閫傚悎鍎跨/瀹跺涵) 銆佹満鍦轰氦閫氥€佸骇浣嶅尯銆佺數璇濄€佺啫鏂椼€佸敜閱掓湇鍔?闂归挓銆佸惞椋庢満銆佸厤璐逛笂缃戙€乄iFi銆佸叕鍏?WiFi銆佺綉缁溿€佺儹姘存荡缂搞€侀鍘呫€佹苯杞﹀嚭绉熴€佹矙榫欍€佽鏉庡瘎瀛樸€佺ぜ瀹鹃儴銆佸姹囧厬鎹€佹棤鐑熼厭搴椼€?4 灏忔椂鍓嶅彴鏈嶅姟銆佸共娲椼€佹礂琛ｆ湇鍔°€佷腑鏂囥€佽嫳璇?绌鸿皟銆佸姙鍏銆佸鎴挎湇鍔°€佷繚闄╃銆佸挅鍟℃満/鑼跺６銆佸啺绠便€佹荡缂?娣嬫荡銆佸厤璐规礂婕辩敤鍝併€佸骇浣嶅尯銆佺數璇濄€佺啫鏂椼€佸敜閱掓湇鍔?闂归挓銆佸惞椋庢満,鍟嗗姟,,,
濂ユ灄鍖瑰厠鍋囨棩澶ч厭搴?,4,57 鏉＄偣璇?,,,鏃犵儫鎴裤€佸鎴裤€佸搴埧銆佺┖璋冦€佸鎴挎暣鐞嗘湇鍔°€佸鎴挎湇鍔°€佸钩鏉跨數瑙嗐€佹荡缂?娣嬫荡銆佸厤璐瑰仠杞︺€佸厤璐归珮閫焀iFi銆佹湁鍋ヨ韩鎴跨殑鍋ヨ韩涓績銆佸厤璐规棭椁愩€佺綉鐞冨満銆佹満鍦轰氦閫氥€佹彁渚涗笂缃戞湇鍔＄殑鍟嗗姟涓績銆佷細璁銆佷繚闄╃銆佺數璇濄€佸厤璐规礂婕辩敤鍝併€佸仠杞︺€佸厤璐逛笂缃戙€乄iFi銆佺綉缁溿€佹鎷裤€侀厭鍚?閰掑粖銆侀鍘呫€佹矙榫欍€佽捀姹芥荡瀹ゃ€佽鏉庡瘎瀛樸€佺ぜ瀹鹃儴銆佸姹囧厬鎹€佹棤鐑熼厭搴椼€佸晢搴椼€?4 灏忔椂鍓嶅彴鏈嶅姟銆佸共娲椼€佹礂琛ｆ湇鍔°€佹摝闉嬨€佷腑鏂囥€佽嫳璇?鏃犵儫鎴裤€佸鎴裤€佸搴埧銆佺┖璋冦€佸鎴挎暣鐞嗘湇鍔°€佸鎴挎湇鍔°€佸钩鏉跨數瑙嗐€佹荡缂?娣嬫荡銆佷繚闄╃銆佺數璇濄€佸厤璐规礂婕辩敤鍝?鍟嗗姟,,,,
鑾嘲閰掑簵-娓╁窞榫欐咕鍥介檯鏈哄満涓囪揪骞垮満搴?,3.5,55 鏉＄偣璇?,,,,,,,
閲戞偊涓藉槈閰掑簵,,4,23 鏉＄偣璇?,,,鏃犵儫鎴裤€佸搴埧銆佺┖璋冦€佸姙鍏銆佷繚闄╃銆佸挅鍟℃満/鑼跺６銆佸钩鏉跨數瑙嗐€佹荡缂?娣嬫荡銆佸仠杞︺€佸挅鍟″簵銆佺綉鐞冨満銆佹彁渚涗笂缃戞湇鍔＄殑鍟嗗姟涓績銆佷細璁銆佽鏉庡瘎瀛樸€佺ぜ瀹鹃儴銆佸共娲椼€佽糠浣犲惂銆佸惞椋庢満銆佸姹囧厬鎹€佹棤鐑熼厭搴椼€佹礂琛ｆ湇鍔°€佷腑鏂?鏃犵儫鎴裤€佸搴埧銆佺┖璋冦€佸姙鍏銆佷繚闄╃銆佸挅鍟℃満/鑼跺６銆佸钩鏉跨數瑙嗐€佹荡缂?娣嬫荡銆佽糠浣犲惂銆佸惞椋庢満,,,
鍗婂矝鍏瘬閰掑簵,,4,48 鏉＄偣璇?,,,瀹跺涵鎴裤€佺┖璋冦€佸鎴挎湇鍔°€佸皬鍘ㄦ埧銆佽糠浣犲惂銆佸厤璐归珮閫焀iFi銆佹湁鍋ヨ韩鎴跨殑鍋ヨ韩涓績銆侀厭鍚?閰掑粖銆佹彁渚涗笂缃戞湇鍔＄殑鍟嗗姟涓績銆佷細璁銆丼pa銆佺ぜ瀹鹃儴銆佸共娲椼€佸厤璐逛笂缃戙€乄iFi銆佸叕鍏?WiFi銆佺綉缁溿€侀鍘呫€佹礂琛ｆ湇鍔?瀹跺涵鎴裤€佺┖璋冦€佸鎴挎湇鍔°€佸皬鍘ㄦ埧銆佽糠浣犲惂,,,
浜旈┈缇庨鏋楅缚鏅ぇ閰掑簵,,4,19 鏉＄偣璇?,,,绌鸿皟銆佸姙鍏銆佸敜閱掓湇鍔?闂归挓銆佹荡缂?娣嬫荡銆佸厤璐规礂婕辩敤鍝併€佸仠杞︺€佸厤璐归珮閫焀iFi銆佽鏉庡瘎瀛樸€?4 灏忔椂鍓嶅彴鏈嶅姟銆佷腑鏂?绌鸿皟銆佸姙鍏銆佸敜閱掓湇鍔?闂归挓銆佹荡缂?娣嬫荡銆佸厤璐规礂婕辩敤鍝?鍟嗗姟,,,
娓╁窞鍩庡競涔嬫槦鍟嗗姟瀹鹃榛庢槑璺簵,,3.5,21 鏉＄偣璇?,,,,,,
閿︽睙涔嬫槦鍝佸皻娓╁窞瀛﹂櫌璺厭搴?,4.5,3 鏉＄偣璇?,,,绌鸿皟銆佸姙鍏銆佷繚闄╃銆佺數璇濄€佽。鏋躲€佹荡缂?娣嬫荡銆佸厤璐规礂婕辩敤鍝併€佸惞椋庢満銆佸厤璐归珮閫焀iFi銆侀鍘呫€佽鏉庡瘎瀛樸€?4 灏忔椂鍓嶅彴鏈嶅姟銆佹礂琛ｆ湇鍔°€佷腑鏂囥€佽嫳璇?绌鸿皟銆佸姙鍏銆佷繚闄╃銆佺數璇濄€佽。鏋躲€佹荡缂?娣嬫荡銆佸厤璐规礂婕辩敤鍝併€佸惞椋庢満,鍟嗗姟,,,
娓╁窞閿愭€濈壒姹借溅杩為攣鏃呭簵鍗楁郸搴?,3.5,26 鏉＄偣璇?,,,,,,,
娓╁窞閿愭€濈壒姹借溅杩為攣鏃呭簵瑗跨珯搴?,4,14 鏉＄偣璇?,,,,,,,
閾滈敚婀惧亣鏃ラ厭搴?,4,9 鏉＄偣璇?,,,,,,,
浜氶噾澶ч厭搴?,3.5,30 鏉＄偣璇?,,,鏃犵儫鎴裤€佸搴埧銆佺┖璋冦€佽糠浣犲惂銆佹湁鍋ヨ韩鎴跨殑鍋ヨ韩涓績銆侀鍘呫€佹彁渚涗笂缃戞湇鍔＄殑鍟嗗姟涓績銆佷細璁銆佹棤鐑熼厭搴椼€佸共娲椼€佹礂琛ｆ湇鍔?鏃犵儫鎴裤€佸搴埧銆佺┖璋冦€佽糠浣犲惂,,,,
榫熸箹楗簵,,3.5,15 鏉＄偣璇?,,,,,,
浣虫簮瀹鹃,,3.5,25 鏉＄偣璇?,,,,濂楁埧銆佸鎴挎湇鍔?,,
閲戠摨澶ч厭搴?,4,7 鏉＄偣璇?,,,,,,,
娓╁窞閿愭€濈壒姹借溅杩為攣鏃呭簵鏂版ˉ搴?,4,12 鏉＄偣璇?,,,,,,,
娓╁窞鐡捣瀹鹃,,3.5,15 鏉＄偣璇?,,,瀹㈡埧鏈嶅姟銆佷繚闄╃銆佸仠杞︺€乄iFi銆侀鍘呫€佸効绔ユ椿鍔?(閫傚悎鍎跨/瀹跺涵) 銆佽鏉庡瘎瀛樸€佸姹囧厬鎹€?4 灏忔椂鍓嶅彴鏈嶅姟銆佹礂琛ｆ湇鍔°€侀厭搴楀唴 ATM銆侀棬绔ャ€佸尰鍔″,瀹㈡埧鏈嶅姟銆佷繚闄╃,,
鍢夎幈浠曞晢鍔″棣?,4,4 鏉＄偣璇?,,,,,,,
娓╁窞閿愭€濈壒閰掑簵鐡捣姊х敯琛楀簵,,5,1 鏉＄偣璇?,,,,,,
娲蹭嚎鍥介檯澶ч厭搴?,4,1 鏉＄偣璇?,,,,,,,
娓╁窞99鏃呴杩為攣浜烘皯瑗胯矾搴?,4.5,2 鏉＄偣璇?,,,,,,,
涓滄柟绾㈠棣?,,,,,,,,,
缇庝附鍥晢鍔″棣?,3.5,8 鏉＄偣璇?,,,,,,,
鍥芥灄瀹鹃,,5,1 鏉＄偣璇?,,,,,,
姹熷崡鏄ュぉ鍩庡競瀹鹃,,,,,,,,,
閲戠瀹鹃,,4,2 鏉＄偣璇?,,,,,,
寤婃ˉ瀹鹃,,3.5,3 鏉＄偣璇?,,,,,,
钃濆疂鍟嗗姟瀹鹃,,4,1 鏉＄偣璇?,,,,,,
鏂扮摨鍟嗗姟瀹鹃,,4,1 鏉＄偣璇?,,,,,,
鐨囧鏃跺皻瀹鹃,,4,2 鏉＄偣璇?,,,,,,
閿︾▼鍟嗗姟瀹鹃,,3.5,2 鏉＄偣璇?,,,,,,
浜ら€氬棣?,3,1 鏉＄偣璇?,,,,,,,
鍗庢瀹鹃,,3,1 鏉＄偣璇?,,,,,,
鍗椾簹楗簵,,3,1 鏉＄偣璇?,,,,,,
鍚涜豹瀹鹃,,3,1 鏉＄偣璇?,,,,,,
娴烽緳楗簵,,2,1 鏉＄偣璇?,,,,,,
璞兘瀹鹃,,2,1 鏉＄偣璇?,,,,,,
鏂板瘜娴峰棣?,2.5,2 鏉＄偣璇?,,,,,,,
榛勯緳瀹鹃,,2,1 鏉＄偣璇?,,,,,,
杩滀笢澶ч厭搴?,2.5,2 鏉＄偣璇?,,,,,,,
鍢夎繍鍥介檯澶ч厭搴?,2,1 鏉＄偣璇?,,,,,,,
鐟炲ぉ鍋囨棩閰掑簵,,,,,,,,,
闆佽崱灞辩伒宄版皯瀹块厭搴?4鍙锋ゼ,,,,,,,,,
鐟炲ぉ閰掑簵,,,,,,,,,
娓╁窞娓╁晢鍋囨棩閰掑簵涓€姹芥嫑寰呮墍搴?,,,,,,,,,
娓╁窞杞︾珯澶ч亾浜氭湹閰掑簵,,,,,,,,,
鍗庨缚瀹鹃,,,,,,,,,
閫氳揪瀹鹃,,,,,,,,,
鐡殕鍟嗗姟瀹鹃,,,,,,,,,
娉㈠＋婀惧晢鍔″棣?,,,,,,,,,
缇庣編鍚涗涵閰掑簵,,,,,,,,,
涔呭涓婚閰掑簵,,,,,,,,,
鍙屽笨娆ｆ偊鍟嗗姟瀹鹃,,,,,,,,,
鍗氳瘹鍟嗗姟瀹鹃,,,,,,,,,
娓╁窞鑱氬晢闊充箰杩為攣閰掑簵鑼跺北搴?,,,,,,,,,
鐟炶揪娲查檯閰掑簵,,,,,,,,,
娆ф嘲涓婚閰掑簵,,,,,,,,,
浜戦敠瀹鹃,,,,,,,,,
闆佽崱灞辩伒宄版皯瀹块厭搴?5鍙锋ゼ,,,,,,,,,
娓╁窞鐟為兘閰掑簵杩為攣鐘跺厓搴?,,,,,,,,,
娓╁窞鐟為兘鍟嗘梾閰掑簵楣垮煄搴?,,,,,,,,,
鑼跺北鐖卞鎬濇椂灏氶厭搴?,,,,,,,,,
鏂板Ξ浜氬晢鍔￠厭搴?,,,,,,,,,
榧撴ゼ鏂拌豹鏉ョ紭鍟嗗姟瀹鹃,,,,,,,,,
鍢夋嘲瀹鹃,,,,,,,,,
娓╁窞浜挎椇杩為攣瀹鹃淇℃渤琛楀簵,,,,,,,,,
娓╁窞浜挎椇杩為攣瀹鹃灏忓崡闂ㄥ簵,,,,,,,,,
钀ユゼ瀹鹃,,,,,,,,,
娓╁窞鏄撲桨杩為攣鏃呭簵姘镐腑寤轰腑琛楀簵,,,,,,,,,
娓╁窞閿愭€濈壒閰掑簵鏂板煄姹借溅绔欏簵,,,,,,,,,
娓╁窞鍥介檯鏈哄満濂ヤ綋涓績浜氭湹閰掑簵,,,,,,,,,
鑱氬晢杩為攣閰掑簵娓╁窞瀹㈣繍涓績搴?,,,,,,,,,
鑹炬嚳鑻戝棣?,,,,,,,,,
娓╁窞閿愭€濈壒閰掑簵楣垮煄鍖虹珯鍓嶄笢灏忓尯搴?,,,,,,,,,
鑹炬矁绮惧搧閰掑簵,,,,,,,,,
娓╁窞鐖卞鎬濊繛閿侀厭搴楁綐妗ュ浗闄呯墿娴佷腑蹇冨簵,,,,,,,,,
闆佽崱灞遍潚骞村亣鏃ュ棣?,,,,,,,,,
娓╁窞99鏃呴杩為攣灏忓崡璺簵,,,,,,,,,
鍙屽笨缃楃帥鍋囨棩閰掑簵,,,,,,,,,
鐖卞椋庡皻瀹鹃,,,,,,,,,
瀛﹁嫅鍟嗗姟瀹鹃,,,,,,,,,
鍗氳繙瀹鹃,,,,,,,,,
娓╁窞浼楄豹杩為攣涓婚閰掑簵澶у鍩庡簵,,,,,,,,,
鏅睙瀹鹃,,,,,,,,,
閲戦挵鍟嗗姟瀹鹃,,,,,,,,,
婊ㄦ捣鏌忎附閰掑簵,,,,,,,,,
鐧惧矝澹瑰彿鑹烘湳閰掑簵,,,,,,,,,
